game_id, config, placement_1, placement_2     , placement_3
      3, A2_B1 , ISMCTS-PUCT, ISMCTS-PUCT     , ISMCTS-Heuristic
      5, A2_B1 , ISMCTS-PUCT, ISMCTS-PUCT     , ISMCTS-Heuristic
      6, A2_B1 , ISMCTS-PUCT, ISMCTS-PUCT     , ISMCTS-Heuristic
      2, A2_B1 , ISMCTS-PUCT, ISMCTS-PUCT     , ISMCTS-Heuristic
      1, A2_B1 , ISMCTS-PUCT, ISMCTS-PUCT     , ISMCTS-Heuristic
      4, A2_B1 , ISMCTS-PUCT, ISMCTS-PUCT     , ISMCTS-Heuristic
      7, A2_B1 , ISMCTS-PUCT, ISMCTS-PUCT     , ISMCTS-Heuristic
      0, A2_B1 , ISMCTS-PUCT, ISMCTS-PUCT     , ISMCTS-Heuristic
      8, A2_B1 , ISMCTS-PUCT, ISMCTS-PUCT     , ISMCTS-Heuristic
      9, A2_B1 , ISMCTS-PUCT, ISMCTS-PUCT     , ISMCTS-Heuristic
     12, A2_B1 , ISMCTS-PUCT, ISMCTS-PUCT     , ISMCTS-Heuristic
     13, A2_B1 , ISMCTS-PUCT, ISMCTS-PUCT     , ISMCTS-Heuristic
     11, A2_B1 , ISMCTS-PUCT, ISMCTS-PUCT     , ISMCTS-Heuristic
     15, A2_B1 , ISMCTS-PUCT, ISMCTS-PUCT     , ISMCTS-Heuristic
     10, A2_B1 , ISMCTS-PUCT, ISMCTS-PUCT     , ISMCTS-Heuristic
     14, A2_B1 , ISMCTS-PUCT, ISMCTS-PUCT     , ISMCTS-Heuristic
     16, A2_B1 , ISMCTS-PUCT, ISMCTS-PUCT     , ISMCTS-Heuristic
     19, A2_B1 , ISMCTS-PUCT, ISMCTS-PUCT     , ISMCTS-Heuristic
     21, A2_B1 , ISMCTS-PUCT, ISMCTS-PUCT     , ISMCTS-Heuristic
     18, A2_B1 , ISMCTS-PUCT, ISMCTS-PUCT     , ISMCTS-Heuristic
     20, A2_B1 , ISMCTS-PUCT, ISMCTS-PUCT     , ISMCTS-Heuristic
     22, A2_B1 , ISMCTS-PUCT, ISMCTS-PUCT     , ISMCTS-Heuristic
     17, A2_B1 , ISMCTS-PUCT, ISMCTS-PUCT     , ISMCTS-Heuristic
     24, A2_B1 , ISMCTS-PUCT, ISMCTS-PUCT     , ISMCTS-Heuristic
     23, A2_B1 , ISMCTS-PUCT, ISMCTS-PUCT     , ISMCTS-Heuristic
     25, A2_B1 , ISMCTS-PUCT, ISMCTS-PUCT     , ISMCTS-Heuristic
     26, A2_B1 , ISMCTS-PUCT, ISMCTS-PUCT     , ISMCTS-Heuristic
     27, A2_B1 , ISMCTS-PUCT, ISMCTS-PUCT     , ISMCTS-Heuristic
     28, A2_B1 , ISMCTS-PUCT, ISMCTS-PUCT     , ISMCTS-Heuristic
     30, A2_B1 , ISMCTS-PUCT, ISMCTS-PUCT     , ISMCTS-Heuristic
     29, A2_B1 , ISMCTS-PUCT, ISMCTS-PUCT     , ISMCTS-Heuristic
     31, A2_B1 , ISMCTS-PUCT, ISMCTS-PUCT     , ISMCTS-Heuristic
     33, A2_B1 , ISMCTS-PUCT, ISMCTS-PUCT     , ISMCTS-Heuristic
     34, A2_B1 , ISMCTS-PUCT, ISMCTS-PUCT     , ISMCTS-Heuristic
     38, A2_B1 , ISMCTS-PUCT, ISMCTS-PUCT     , ISMCTS-Heuristic
     35, A2_B1 , ISMCTS-PUCT, ISMCTS-PUCT     , ISMCTS-Heuristic
     36, A2_B1 , ISMCTS-PUCT, ISMCTS-PUCT     , ISMCTS-Heuristic
     32, A2_B1 , ISMCTS-PUCT, ISMCTS-PUCT     , ISMCTS-Heuristic
     37, A2_B1 , ISMCTS-PUCT, ISMCTS-PUCT     , ISMCTS-Heuristic
     39, A2_B1 , ISMCTS-PUCT, ISMCTS-PUCT     , ISMCTS-Heuristic
     40, A2_B1 , ISMCTS-PUCT, ISMCTS-PUCT     , ISMCTS-Heuristic
     42, A2_B1 , ISMCTS-PUCT, ISMCTS-PUCT     , ISMCTS-Heuristic
     45, A2_B1 , ISMCTS-PUCT, ISMCTS-PUCT     , ISMCTS-Heuristic
     44, A2_B1 , ISMCTS-PUCT, ISMCTS-PUCT     , ISMCTS-Heuristic
     41, A2_B1 , ISMCTS-PUCT, ISMCTS-PUCT     , ISMCTS-Heuristic
     43, A2_B1 , ISMCTS-PUCT, ISMCTS-PUCT     , ISMCTS-Heuristic
     46, A2_B1 , ISMCTS-PUCT, ISMCTS-PUCT     , ISMCTS-Heuristic
     47, A2_B1 , ISMCTS-PUCT, ISMCTS-PUCT     , ISMCTS-Heuristic
     48, A2_B1 , ISMCTS-PUCT, ISMCTS-PUCT     , ISMCTS-Heuristic
     49, A2_B1 , ISMCTS-PUCT, ISMCTS-PUCT     , ISMCTS-Heuristic
     51, A2_B1 , ISMCTS-PUCT, ISMCTS-PUCT     , ISMCTS-Heuristic
     52, A2_B1 , ISMCTS-PUCT, ISMCTS-PUCT     , ISMCTS-Heuristic
     50, A2_B1 , ISMCTS-PUCT, ISMCTS-PUCT     , ISMCTS-Heuristic
     55, A2_B1 , ISMCTS-PUCT, ISMCTS-PUCT     , ISMCTS-Heuristic
     54, A2_B1 , ISMCTS-PUCT, ISMCTS-PUCT     , ISMCTS-Heuristic
     53, A2_B1 , ISMCTS-PUCT, ISMCTS-PUCT     , ISMCTS-Heuristic
     56, A2_B1 , ISMCTS-PUCT, ISMCTS-PUCT     , ISMCTS-Heuristic
     57, A2_B1 , ISMCTS-PUCT, ISMCTS-PUCT     , ISMCTS-Heuristic
     58, A2_B1 , ISMCTS-PUCT, ISMCTS-PUCT     , ISMCTS-Heuristic
     59, A2_B1 , ISMCTS-PUCT, ISMCTS-PUCT     , ISMCTS-Heuristic
     62, A2_B1 , ISMCTS-PUCT, ISMCTS-PUCT     , ISMCTS-Heuristic
     63, A2_B1 , ISMCTS-PUCT, ISMCTS-PUCT     , ISMCTS-Heuristic
     64, A2_B1 , ISMCTS-PUCT, ISMCTS-PUCT     , ISMCTS-Heuristic
     60, A2_B1 , ISMCTS-PUCT, ISMCTS-PUCT     , ISMCTS-Heuristic
     61, A2_B1 , ISMCTS-PUCT, ISMCTS-PUCT     , ISMCTS-Heuristic
     65, A2_B1 , ISMCTS-PUCT, ISMCTS-PUCT     , ISMCTS-Heuristic
     66, A2_B1 , ISMCTS-PUCT, ISMCTS-PUCT     , ISMCTS-Heuristic
     67, A2_B1 , ISMCTS-PUCT, ISMCTS-PUCT     , ISMCTS-Heuristic
     72, A2_B1 , ISMCTS-PUCT, ISMCTS-PUCT     , ISMCTS-Heuristic
     68, A2_B1 , ISMCTS-PUCT, ISMCTS-PUCT     , ISMCTS-Heuristic
     69, A2_B1 , ISMCTS-PUCT, ISMCTS-PUCT     , ISMCTS-Heuristic
     70, A2_B1 , ISMCTS-PUCT, ISMCTS-PUCT     , ISMCTS-Heuristic
     73, A2_B1 , ISMCTS-PUCT, ISMCTS-PUCT     , ISMCTS-Heuristic
     71, A2_B1 , ISMCTS-PUCT, ISMCTS-PUCT     , ISMCTS-Heuristic
     76, A2_B1 , ISMCTS-PUCT, ISMCTS-PUCT     , ISMCTS-Heuristic
     74, A2_B1 , ISMCTS-PUCT, ISMCTS-PUCT     , ISMCTS-Heuristic
     78, A2_B1 , ISMCTS-PUCT, ISMCTS-PUCT     , ISMCTS-Heuristic
     75, A2_B1 , ISMCTS-PUCT, ISMCTS-PUCT     , ISMCTS-Heuristic
     77, A2_B1 , ISMCTS-PUCT, ISMCTS-PUCT     , ISMCTS-Heuristic
     79, A2_B1 , ISMCTS-PUCT, ISMCTS-PUCT     , ISMCTS-Heuristic
     81, A2_B1 , ISMCTS-PUCT, ISMCTS-PUCT     , ISMCTS-Heuristic
     82, A2_B1 , ISMCTS-PUCT, ISMCTS-PUCT     , ISMCTS-Heuristic
     80, A2_B1 , ISMCTS-PUCT, ISMCTS-PUCT     , ISMCTS-Heuristic
     83, A2_B1 , ISMCTS-PUCT, ISMCTS-PUCT     , ISMCTS-Heuristic
     85, A2_B1 , ISMCTS-PUCT, ISMCTS-PUCT     , ISMCTS-Heuristic
     86, A2_B1 , ISMCTS-PUCT, ISMCTS-PUCT     , ISMCTS-Heuristic
     84, A2_B1 , ISMCTS-PUCT, ISMCTS-PUCT     , ISMCTS-Heuristic
     87, A2_B1 , ISMCTS-PUCT, ISMCTS-PUCT     , ISMCTS-Heuristic
     88, A2_B1 , ISMCTS-PUCT, ISMCTS-PUCT     , ISMCTS-Heuristic
     89, A2_B1 , ISMCTS-PUCT, ISMCTS-PUCT     , ISMCTS-Heuristic
     90, A2_B1 , ISMCTS-PUCT, ISMCTS-PUCT     , ISMCTS-Heuristic
     92, A2_B1 , ISMCTS-PUCT, ISMCTS-PUCT     , ISMCTS-Heuristic
     91, A2_B1 , ISMCTS-PUCT, ISMCTS-PUCT     , ISMCTS-Heuristic
     94, A2_B1 , ISMCTS-PUCT, ISMCTS-PUCT     , ISMCTS-Heuristic
     95, A2_B1 , ISMCTS-PUCT, ISMCTS-PUCT     , ISMCTS-Heuristic
     93, A2_B1 , ISMCTS-PUCT, ISMCTS-PUCT     , ISMCTS-Heuristic
     97, A2_B1 , ISMCTS-PUCT, ISMCTS-PUCT     , ISMCTS-Heuristic
     98, A2_B1 , ISMCTS-PUCT, ISMCTS-PUCT     , ISMCTS-Heuristic
     96, A2_B1 , ISMCTS-PUCT, ISMCTS-PUCT     , ISMCTS-Heuristic
     99, A2_B1 , ISMCTS-PUCT, ISMCTS-PUCT     , ISMCTS-Heuristic
    100, A2_B1 , ISMCTS-PUCT, ISMCTS-PUCT     , ISMCTS-Heuristic
    102, A2_B1 , ISMCTS-PUCT, ISMCTS-PUCT     , ISMCTS-Heuristic
    101, A2_B1 , ISMCTS-PUCT, ISMCTS-PUCT     , ISMCTS-Heuristic
    103, A2_B1 , ISMCTS-PUCT, ISMCTS-PUCT     , ISMCTS-Heuristic
    104, A2_B1 , ISMCTS-PUCT, ISMCTS-PUCT     , ISMCTS-Heuristic
    106, A2_B1 , ISMCTS-PUCT, ISMCTS-PUCT     , ISMCTS-Heuristic
    105, A2_B1 , ISMCTS-PUCT, ISMCTS-PUCT     , ISMCTS-Heuristic
    107, A2_B1 , ISMCTS-PUCT, ISMCTS-PUCT     , ISMCTS-Heuristic
    108, A2_B1 , ISMCTS-PUCT, ISMCTS-PUCT     , ISMCTS-Heuristic
    110, A2_B1 , ISMCTS-PUCT, ISMCTS-PUCT     , ISMCTS-Heuristic
    109, A2_B1 , ISMCTS-PUCT, ISMCTS-PUCT     , ISMCTS-Heuristic
    111, A2_B1 , ISMCTS-PUCT, ISMCTS-PUCT     , ISMCTS-Heuristic
    113, A2_B1 , ISMCTS-PUCT, ISMCTS-PUCT     , ISMCTS-Heuristic
    114, A2_B1 , ISMCTS-PUCT, ISMCTS-PUCT     , ISMCTS-Heuristic
    112, A2_B1 , ISMCTS-PUCT, ISMCTS-PUCT     , ISMCTS-Heuristic
    117, A2_B1 , ISMCTS-PUCT, ISMCTS-PUCT     , ISMCTS-Heuristic
    116, A2_B1 , ISMCTS-PUCT, ISMCTS-PUCT     , ISMCTS-Heuristic
    115, A2_B1 , ISMCTS-PUCT, ISMCTS-PUCT     , ISMCTS-Heuristic
    118, A2_B1 , ISMCTS-PUCT, ISMCTS-PUCT     , ISMCTS-Heuristic
    122, A2_B1 , ISMCTS-PUCT, ISMCTS-PUCT     , ISMCTS-Heuristic
    119, A2_B1 , ISMCTS-PUCT, ISMCTS-PUCT     , ISMCTS-Heuristic
    121, A2_B1 , ISMCTS-PUCT, ISMCTS-PUCT     , ISMCTS-Heuristic
    120, A2_B1 , ISMCTS-PUCT, ISMCTS-PUCT     , ISMCTS-Heuristic
    124, A2_B1 , ISMCTS-PUCT, ISMCTS-PUCT     , ISMCTS-Heuristic
    125, A2_B1 , ISMCTS-PUCT, ISMCTS-PUCT     , ISMCTS-Heuristic
    123, A2_B1 , ISMCTS-PUCT, ISMCTS-PUCT     , ISMCTS-Heuristic
    126, A2_B1 , ISMCTS-PUCT, ISMCTS-PUCT     , ISMCTS-Heuristic
    129, A2_B1 , ISMCTS-PUCT, ISMCTS-PUCT     , ISMCTS-Heuristic
    128, A2_B1 , ISMCTS-PUCT, ISMCTS-PUCT     , ISMCTS-Heuristic
    127, A2_B1 , ISMCTS-PUCT, ISMCTS-PUCT     , ISMCTS-Heuristic
    130, A2_B1 , ISMCTS-PUCT, ISMCTS-PUCT     , ISMCTS-Heuristic
    131, A2_B1 , ISMCTS-PUCT, ISMCTS-PUCT     , ISMCTS-Heuristic
    134, A2_B1 , ISMCTS-PUCT, ISMCTS-PUCT     , ISMCTS-Heuristic
    133, A2_B1 , ISMCTS-PUCT, ISMCTS-PUCT     , ISMCTS-Heuristic
    132, A2_B1 , ISMCTS-PUCT, ISMCTS-PUCT     , ISMCTS-Heuristic
    137, A2_B1 , ISMCTS-PUCT, ISMCTS-PUCT     , ISMCTS-Heuristic
    135, A2_B1 , ISMCTS-PUCT, ISMCTS-PUCT     , ISMCTS-Heuristic
    139, A2_B1 , ISMCTS-PUCT, ISMCTS-PUCT     , ISMCTS-Heuristic
    138, A2_B1 , ISMCTS-PUCT, ISMCTS-PUCT     , ISMCTS-Heuristic
    136, A2_B1 , ISMCTS-PUCT, ISMCTS-PUCT     , ISMCTS-Heuristic
    140, A2_B1 , ISMCTS-PUCT, ISMCTS-PUCT     , ISMCTS-Heuristic
    143, A2_B1 , ISMCTS-PUCT, ISMCTS-PUCT     , ISMCTS-Heuristic
    141, A2_B1 , ISMCTS-PUCT, ISMCTS-PUCT     , ISMCTS-Heuristic
    142, A2_B1 , ISMCTS-PUCT, ISMCTS-PUCT     , ISMCTS-Heuristic
    145, A2_B1 , ISMCTS-PUCT, ISMCTS-PUCT     , ISMCTS-Heuristic
    144, A2_B1 , ISMCTS-PUCT, ISMCTS-PUCT     , ISMCTS-Heuristic
    146, A2_B1 , ISMCTS-PUCT, ISMCTS-PUCT     , ISMCTS-Heuristic
    147, A2_B1 , ISMCTS-PUCT, ISMCTS-PUCT     , ISMCTS-Heuristic
    148, A2_B1 , ISMCTS-PUCT, ISMCTS-PUCT     , ISMCTS-Heuristic
    151, A2_B1 , ISMCTS-PUCT, ISMCTS-PUCT     , ISMCTS-Heuristic
    150, A2_B1 , ISMCTS-PUCT, ISMCTS-PUCT     , ISMCTS-Heuristic
    149, A2_B1 , ISMCTS-PUCT, ISMCTS-PUCT     , ISMCTS-Heuristic
    154, A2_B1 , ISMCTS-PUCT, ISMCTS-PUCT     , ISMCTS-Heuristic
    152, A2_B1 , ISMCTS-PUCT, ISMCTS-PUCT     , ISMCTS-Heuristic
    153, A2_B1 , ISMCTS-PUCT, ISMCTS-PUCT     , ISMCTS-Heuristic
    156, A2_B1 , ISMCTS-PUCT, ISMCTS-PUCT     , ISMCTS-Heuristic
    157, A2_B1 , ISMCTS-PUCT, ISMCTS-PUCT     , ISMCTS-Heuristic
    155, A2_B1 , ISMCTS-PUCT, ISMCTS-PUCT     , ISMCTS-Heuristic
    158, A2_B1 , ISMCTS-PUCT, ISMCTS-PUCT     , ISMCTS-Heuristic
    159, A2_B1 , ISMCTS-PUCT, ISMCTS-PUCT     , ISMCTS-Heuristic
    160, A2_B1 , ISMCTS-PUCT, ISMCTS-PUCT     , ISMCTS-Heuristic
    161, A2_B1 , ISMCTS-PUCT, ISMCTS-PUCT     , ISMCTS-Heuristic
    162, A2_B1 , ISMCTS-PUCT, ISMCTS-PUCT     , ISMCTS-Heuristic
    164, A2_B1 , ISMCTS-PUCT, ISMCTS-PUCT     , ISMCTS-Heuristic
    163, A2_B1 , ISMCTS-PUCT, ISMCTS-PUCT     , ISMCTS-Heuristic
    165, A2_B1 , ISMCTS-PUCT, ISMCTS-PUCT     , ISMCTS-Heuristic
    166, A2_B1 , ISMCTS-PUCT, ISMCTS-PUCT     , ISMCTS-Heuristic
    168, A2_B1 , ISMCTS-PUCT, ISMCTS-PUCT     , ISMCTS-Heuristic
    170, A2_B1 , ISMCTS-PUCT, ISMCTS-PUCT     , ISMCTS-Heuristic
    167, A2_B1 , ISMCTS-PUCT, ISMCTS-PUCT     , ISMCTS-Heuristic
    169, A2_B1 , ISMCTS-PUCT, ISMCTS-PUCT     , ISMCTS-Heuristic
    171, A2_B1 , ISMCTS-PUCT, ISMCTS-PUCT     , ISMCTS-Heuristic
    173, A2_B1 , ISMCTS-PUCT, ISMCTS-PUCT     , ISMCTS-Heuristic
    172, A2_B1 , ISMCTS-PUCT, ISMCTS-PUCT     , ISMCTS-Heuristic
    174, A2_B1 , ISMCTS-PUCT, ISMCTS-PUCT     , ISMCTS-Heuristic
    175, A2_B1 , ISMCTS-PUCT, ISMCTS-PUCT     , ISMCTS-Heuristic
    176, A2_B1 , ISMCTS-PUCT, ISMCTS-PUCT     , ISMCTS-Heuristic
    177, A2_B1 , ISMCTS-PUCT, ISMCTS-PUCT     , ISMCTS-Heuristic
    178, A2_B1 , ISMCTS-PUCT, ISMCTS-PUCT     , ISMCTS-Heuristic
    180, A2_B1 , ISMCTS-PUCT, ISMCTS-PUCT     , ISMCTS-Heuristic
    179, A2_B1 , ISMCTS-PUCT, ISMCTS-PUCT     , ISMCTS-Heuristic
    181, A2_B1 , ISMCTS-PUCT, ISMCTS-PUCT     , ISMCTS-Heuristic
    182, A2_B1 , ISMCTS-PUCT, ISMCTS-PUCT     , ISMCTS-Heuristic
    184, A2_B1 , ISMCTS-PUCT, ISMCTS-PUCT     , ISMCTS-Heuristic
    183, A2_B1 , ISMCTS-PUCT, ISMCTS-PUCT     , ISMCTS-Heuristic
    186, A2_B1 , ISMCTS-PUCT, ISMCTS-PUCT     , ISMCTS-Heuristic
    185, A2_B1 , ISMCTS-PUCT, ISMCTS-PUCT     , ISMCTS-Heuristic
    188, A2_B1 , ISMCTS-PUCT, ISMCTS-PUCT     , ISMCTS-Heuristic
    187, A2_B1 , ISMCTS-PUCT, ISMCTS-PUCT     , ISMCTS-Heuristic
    189, A2_B1 , ISMCTS-PUCT, ISMCTS-PUCT     , ISMCTS-Heuristic
    190, A2_B1 , ISMCTS-PUCT, ISMCTS-PUCT     , ISMCTS-Heuristic
    193, A2_B1 , ISMCTS-PUCT, ISMCTS-PUCT     , ISMCTS-Heuristic
    192, A2_B1 , ISMCTS-PUCT, ISMCTS-PUCT     , ISMCTS-Heuristic
    191, A2_B1 , ISMCTS-PUCT, ISMCTS-PUCT     , ISMCTS-Heuristic
    194, A2_B1 , ISMCTS-PUCT, ISMCTS-PUCT     , ISMCTS-Heuristic
    196, A2_B1 , ISMCTS-PUCT, ISMCTS-PUCT     , ISMCTS-Heuristic
    195, A2_B1 , ISMCTS-PUCT, ISMCTS-PUCT     , ISMCTS-Heuristic
    197, A2_B1 , ISMCTS-PUCT, ISMCTS-PUCT     , ISMCTS-Heuristic
    198, A2_B1 , ISMCTS-PUCT, ISMCTS-PUCT     , ISMCTS-Heuristic
    199, A2_B1 , ISMCTS-PUCT, ISMCTS-PUCT     , ISMCTS-Heuristic
    201, A2_B1 , ISMCTS-PUCT, ISMCTS-PUCT     , ISMCTS-Heuristic
    200, A2_B1 , ISMCTS-PUCT, ISMCTS-PUCT     , ISMCTS-Heuristic
    203, A2_B1 , ISMCTS-PUCT, ISMCTS-PUCT     , ISMCTS-Heuristic
    202, A2_B1 , ISMCTS-PUCT, ISMCTS-PUCT     , ISMCTS-Heuristic
    205, A2_B1 , ISMCTS-PUCT, ISMCTS-PUCT     , ISMCTS-Heuristic
    204, A2_B1 , ISMCTS-PUCT, ISMCTS-PUCT     , ISMCTS-Heuristic
    207, A2_B1 , ISMCTS-PUCT, ISMCTS-PUCT     , ISMCTS-Heuristic
    206, A2_B1 , ISMCTS-PUCT, ISMCTS-PUCT     , ISMCTS-Heuristic
    208, A2_B1 , ISMCTS-PUCT, ISMCTS-PUCT     , ISMCTS-Heuristic
    210, A2_B1 , ISMCTS-PUCT, ISMCTS-PUCT     , ISMCTS-Heuristic
    211, A2_B1 , ISMCTS-PUCT, ISMCTS-PUCT     , ISMCTS-Heuristic
    209, A2_B1 , ISMCTS-PUCT, ISMCTS-PUCT     , ISMCTS-Heuristic
    212, A2_B1 , ISMCTS-PUCT, ISMCTS-PUCT     , ISMCTS-Heuristic
    214, A2_B1 , ISMCTS-PUCT, ISMCTS-PUCT     , ISMCTS-Heuristic
    215, A2_B1 , ISMCTS-PUCT, ISMCTS-PUCT     , ISMCTS-Heuristic
    213, A2_B1 , ISMCTS-PUCT, ISMCTS-PUCT     , ISMCTS-Heuristic
    217, A2_B1 , ISMCTS-PUCT, ISMCTS-PUCT     , ISMCTS-Heuristic
    216, A2_B1 , ISMCTS-PUCT, ISMCTS-PUCT     , ISMCTS-Heuristic
    219, A2_B1 , ISMCTS-PUCT, ISMCTS-PUCT     , ISMCTS-Heuristic
    218, A2_B1 , ISMCTS-PUCT, ISMCTS-PUCT     , ISMCTS-Heuristic
    220, A2_B1 , ISMCTS-PUCT, ISMCTS-PUCT     , ISMCTS-Heuristic
    223, A2_B1 , ISMCTS-PUCT, ISMCTS-PUCT     , ISMCTS-Heuristic
    221, A2_B1 , ISMCTS-PUCT, ISMCTS-PUCT     , ISMCTS-Heuristic
    224, A2_B1 , ISMCTS-PUCT, ISMCTS-PUCT     , ISMCTS-Heuristic
    222, A2_B1 , ISMCTS-PUCT, ISMCTS-PUCT     , ISMCTS-Heuristic
    225, A2_B1 , ISMCTS-PUCT, ISMCTS-PUCT     , ISMCTS-Heuristic
    226, A2_B1 , ISMCTS-PUCT, ISMCTS-PUCT     , ISMCTS-Heuristic
    227, A2_B1 , ISMCTS-PUCT, ISMCTS-PUCT     , ISMCTS-Heuristic
    228, A2_B1 , ISMCTS-PUCT, ISMCTS-PUCT     , ISMCTS-Heuristic
    229, A2_B1 , ISMCTS-PUCT, ISMCTS-PUCT     , ISMCTS-Heuristic
    230, A2_B1 , ISMCTS-PUCT, ISMCTS-PUCT     , ISMCTS-Heuristic
    235, A2_B1 , ISMCTS-PUCT, ISMCTS-PUCT     , ISMCTS-Heuristic
    232, A2_B1 , ISMCTS-PUCT, ISMCTS-PUCT     , ISMCTS-Heuristic
    233, A2_B1 , ISMCTS-PUCT, ISMCTS-PUCT     , ISMCTS-Heuristic
    231, A2_B1 , ISMCTS-PUCT, ISMCTS-PUCT     , ISMCTS-Heuristic
    234, A2_B1 , ISMCTS-PUCT, ISMCTS-PUCT     , ISMCTS-Heuristic
    236, A2_B1 , ISMCTS-PUCT, ISMCTS-PUCT     , ISMCTS-Heuristic
    237, A2_B1 , ISMCTS-PUCT, ISMCTS-PUCT     , ISMCTS-Heuristic
    240, A2_B1 , ISMCTS-PUCT, ISMCTS-PUCT     , ISMCTS-Heuristic
    242, A2_B1 , ISMCTS-PUCT, ISMCTS-PUCT     , ISMCTS-Heuristic
    238, A2_B1 , ISMCTS-PUCT, ISMCTS-PUCT     , ISMCTS-Heuristic
    239, A2_B1 , ISMCTS-PUCT, ISMCTS-PUCT     , ISMCTS-Heuristic
    243, A2_B1 , ISMCTS-PUCT, ISMCTS-PUCT     , ISMCTS-Heuristic
    241, A2_B1 , ISMCTS-PUCT, ISMCTS-PUCT     , ISMCTS-Heuristic
    244, A2_B1 , ISMCTS-PUCT, ISMCTS-PUCT     , ISMCTS-Heuristic
    247, A2_B1 , ISMCTS-PUCT, ISMCTS-PUCT     , ISMCTS-Heuristic
    248, A2_B1 , ISMCTS-PUCT, ISMCTS-PUCT     , ISMCTS-Heuristic
    246, A2_B1 , ISMCTS-PUCT, ISMCTS-PUCT     , ISMCTS-Heuristic
    245, A2_B1 , ISMCTS-PUCT, ISMCTS-PUCT     , ISMCTS-Heuristic
    249, A2_B1 , ISMCTS-PUCT, ISMCTS-PUCT     , ISMCTS-Heuristic
    250, A2_B1 , ISMCTS-PUCT, ISMCTS-PUCT     , ISMCTS-Heuristic
    251, A2_B1 , ISMCTS-PUCT, ISMCTS-PUCT     , ISMCTS-Heuristic
    252, A2_B1 , ISMCTS-PUCT, ISMCTS-PUCT     , ISMCTS-Heuristic
    257, A2_B1 , ISMCTS-PUCT, ISMCTS-PUCT     , ISMCTS-Heuristic
    256, A2_B1 , ISMCTS-PUCT, ISMCTS-PUCT     , ISMCTS-Heuristic
    253, A2_B1 , ISMCTS-PUCT, ISMCTS-PUCT     , ISMCTS-Heuristic
    255, A2_B1 , ISMCTS-PUCT, ISMCTS-PUCT     , ISMCTS-Heuristic
    254, A2_B1 , ISMCTS-PUCT, ISMCTS-PUCT     , ISMCTS-Heuristic
    258, A2_B1 , ISMCTS-PUCT, ISMCTS-PUCT     , ISMCTS-Heuristic
    259, A2_B1 , ISMCTS-PUCT, ISMCTS-PUCT     , ISMCTS-Heuristic
    263, A2_B1 , ISMCTS-PUCT, ISMCTS-PUCT     , ISMCTS-Heuristic
    264, A2_B1 , ISMCTS-PUCT, ISMCTS-PUCT     , ISMCTS-Heuristic
    260, A2_B1 , ISMCTS-PUCT, ISMCTS-PUCT     , ISMCTS-Heuristic
    261, A2_B1 , ISMCTS-PUCT, ISMCTS-PUCT     , ISMCTS-Heuristic
    262, A2_B1 , ISMCTS-PUCT, ISMCTS-PUCT     , ISMCTS-Heuristic
    266, A2_B1 , ISMCTS-PUCT, ISMCTS-PUCT     , ISMCTS-Heuristic
    267, A2_B1 , ISMCTS-PUCT, ISMCTS-PUCT     , ISMCTS-Heuristic
    265, A2_B1 , ISMCTS-PUCT, ISMCTS-PUCT     , ISMCTS-Heuristic
    271, A2_B1 , ISMCTS-PUCT, ISMCTS-PUCT     , ISMCTS-Heuristic
    268, A2_B1 , ISMCTS-PUCT, ISMCTS-PUCT     , ISMCTS-Heuristic
    269, A2_B1 , ISMCTS-PUCT, ISMCTS-PUCT     , ISMCTS-Heuristic
    270, A2_B1 , ISMCTS-PUCT, ISMCTS-PUCT     , ISMCTS-Heuristic
    274, A2_B1 , ISMCTS-PUCT, ISMCTS-PUCT     , ISMCTS-Heuristic
    272, A2_B1 , ISMCTS-PUCT, ISMCTS-PUCT     , ISMCTS-Heuristic
    273, A2_B1 , ISMCTS-PUCT, ISMCTS-PUCT     , ISMCTS-Heuristic
    275, A2_B1 , ISMCTS-PUCT, ISMCTS-PUCT     , ISMCTS-Heuristic
    276, A2_B1 , ISMCTS-PUCT, ISMCTS-PUCT     , ISMCTS-Heuristic
    278, A2_B1 , ISMCTS-PUCT, ISMCTS-PUCT     , ISMCTS-Heuristic
    277, A2_B1 , ISMCTS-PUCT, ISMCTS-PUCT     , ISMCTS-Heuristic
    282, A2_B1 , ISMCTS-PUCT, ISMCTS-PUCT     , ISMCTS-Heuristic
    280, A2_B1 , ISMCTS-PUCT, ISMCTS-PUCT     , ISMCTS-Heuristic
    279, A2_B1 , ISMCTS-PUCT, ISMCTS-PUCT     , ISMCTS-Heuristic
    281, A2_B1 , ISMCTS-PUCT, ISMCTS-PUCT     , ISMCTS-Heuristic
    283, A2_B1 , ISMCTS-PUCT, ISMCTS-PUCT     , ISMCTS-Heuristic
    285, A2_B1 , ISMCTS-PUCT, ISMCTS-PUCT     , ISMCTS-Heuristic
    284, A2_B1 , ISMCTS-PUCT, ISMCTS-PUCT     , ISMCTS-Heuristic
    287, A2_B1 , ISMCTS-PUCT, ISMCTS-PUCT     , ISMCTS-Heuristic
    290, A2_B1 , ISMCTS-PUCT, ISMCTS-PUCT     , ISMCTS-Heuristic
    288, A2_B1 , ISMCTS-PUCT, ISMCTS-PUCT     , ISMCTS-Heuristic
    289, A2_B1 , ISMCTS-PUCT, ISMCTS-PUCT     , ISMCTS-Heuristic
    291, A2_B1 , ISMCTS-PUCT, ISMCTS-PUCT     , ISMCTS-Heuristic
    286, A2_B1 , ISMCTS-PUCT, ISMCTS-PUCT     , ISMCTS-Heuristic
    293, A2_B1 , ISMCTS-PUCT, ISMCTS-PUCT     , ISMCTS-Heuristic
    292, A2_B1 , ISMCTS-PUCT, ISMCTS-PUCT     , ISMCTS-Heuristic
    294, A2_B1 , ISMCTS-PUCT, ISMCTS-PUCT     , ISMCTS-Heuristic
    296, A2_B1 , ISMCTS-PUCT, ISMCTS-PUCT     , ISMCTS-Heuristic
    295, A2_B1 , ISMCTS-PUCT, ISMCTS-PUCT     , ISMCTS-Heuristic
    298, A2_B1 , ISMCTS-PUCT, ISMCTS-PUCT     , ISMCTS-Heuristic
    297, A2_B1 , ISMCTS-PUCT, ISMCTS-PUCT     , ISMCTS-Heuristic
    299, A2_B1 , ISMCTS-PUCT, ISMCTS-PUCT     , ISMCTS-Heuristic
    300, A2_B1 , ISMCTS-PUCT, ISMCTS-PUCT     , ISMCTS-Heuristic
    301, A2_B1 , ISMCTS-PUCT, ISMCTS-PUCT     , ISMCTS-Heuristic
    302, A2_B1 , ISMCTS-PUCT, ISMCTS-PUCT     , ISMCTS-Heuristic
    304, A2_B1 , ISMCTS-PUCT, ISMCTS-PUCT     , ISMCTS-Heuristic
    306, A2_B1 , ISMCTS-PUCT, ISMCTS-PUCT     , ISMCTS-Heuristic
    305, A2_B1 , ISMCTS-PUCT, ISMCTS-PUCT     , ISMCTS-Heuristic
    308, A2_B1 , ISMCTS-PUCT, ISMCTS-PUCT     , ISMCTS-Heuristic
    310, A2_B1 , ISMCTS-PUCT, ISMCTS-PUCT     , ISMCTS-Heuristic
    303, A2_B1 , ISMCTS-PUCT, ISMCTS-PUCT     , ISMCTS-Heuristic
    307, A2_B1 , ISMCTS-PUCT, ISMCTS-PUCT     , ISMCTS-Heuristic
    309, A2_B1 , ISMCTS-PUCT, ISMCTS-PUCT     , ISMCTS-Heuristic
    311, A2_B1 , ISMCTS-PUCT, ISMCTS-PUCT     , ISMCTS-Heuristic
    312, A2_B1 , ISMCTS-PUCT, ISMCTS-PUCT     , ISMCTS-Heuristic
    314, A2_B1 , ISMCTS-PUCT, ISMCTS-PUCT     , ISMCTS-Heuristic
    313, A2_B1 , ISMCTS-PUCT, ISMCTS-PUCT     , ISMCTS-Heuristic
    316, A2_B1 , ISMCTS-PUCT, ISMCTS-PUCT     , ISMCTS-Heuristic
    317, A2_B1 , ISMCTS-PUCT, ISMCTS-PUCT     , ISMCTS-Heuristic
    318, A2_B1 , ISMCTS-PUCT, ISMCTS-PUCT     , ISMCTS-Heuristic
    319, A2_B1 , ISMCTS-PUCT, ISMCTS-PUCT     , ISMCTS-Heuristic
    315, A2_B1 , ISMCTS-PUCT, ISMCTS-PUCT     , ISMCTS-Heuristic
    320, A2_B1 , ISMCTS-PUCT, ISMCTS-PUCT     , ISMCTS-Heuristic
    321, A2_B1 , ISMCTS-PUCT, ISMCTS-PUCT     , ISMCTS-Heuristic
    323, A2_B1 , ISMCTS-PUCT, ISMCTS-PUCT     , ISMCTS-Heuristic
    324, A2_B1 , ISMCTS-PUCT, ISMCTS-PUCT     , ISMCTS-Heuristic
    322, A2_B1 , ISMCTS-PUCT, ISMCTS-PUCT     , ISMCTS-Heuristic
    326, A2_B1 , ISMCTS-PUCT, ISMCTS-PUCT     , ISMCTS-Heuristic
    329, A2_B1 , ISMCTS-PUCT, ISMCTS-PUCT     , ISMCTS-Heuristic
    327, A2_B1 , ISMCTS-PUCT, ISMCTS-PUCT     , ISMCTS-Heuristic
    325, A2_B1 , ISMCTS-PUCT, ISMCTS-PUCT     , ISMCTS-Heuristic
    330, A2_B1 , ISMCTS-PUCT, ISMCTS-PUCT     , ISMCTS-Heuristic
    331, A2_B1 , ISMCTS-PUCT, ISMCTS-PUCT     , ISMCTS-Heuristic
    328, A2_B1 , ISMCTS-PUCT, ISMCTS-PUCT     , ISMCTS-Heuristic
    333, A2_B1 , ISMCTS-PUCT, ISMCTS-PUCT     , ISMCTS-Heuristic
    332, A2_B1 , ISMCTS-PUCT, ISMCTS-PUCT     , ISMCTS-Heuristic
    334, A2_B1 , ISMCTS-PUCT, ISMCTS-PUCT     , ISMCTS-Heuristic
    335, A2_B1 , ISMCTS-PUCT, ISMCTS-PUCT     , ISMCTS-Heuristic
    337, A2_B1 , ISMCTS-PUCT, ISMCTS-PUCT     , ISMCTS-Heuristic
    336, A2_B1 , ISMCTS-PUCT, ISMCTS-PUCT     , ISMCTS-Heuristic
    338, A2_B1 , ISMCTS-PUCT, ISMCTS-PUCT     , ISMCTS-Heuristic
    339, A2_B1 , ISMCTS-PUCT, ISMCTS-PUCT     , ISMCTS-Heuristic
    342, A2_B1 , ISMCTS-PUCT, ISMCTS-PUCT     , ISMCTS-Heuristic
    340, A2_B1 , ISMCTS-PUCT, ISMCTS-PUCT     , ISMCTS-Heuristic
    341, A2_B1 , ISMCTS-PUCT, ISMCTS-PUCT     , ISMCTS-Heuristic
    343, A2_B1 , ISMCTS-PUCT, ISMCTS-PUCT     , ISMCTS-Heuristic
    345, A2_B1 , ISMCTS-PUCT, ISMCTS-PUCT     , ISMCTS-Heuristic
    344, A2_B1 , ISMCTS-PUCT, ISMCTS-PUCT     , ISMCTS-Heuristic
    347, A2_B1 , ISMCTS-PUCT, ISMCTS-PUCT     , ISMCTS-Heuristic
    346, A2_B1 , ISMCTS-PUCT, ISMCTS-PUCT     , ISMCTS-Heuristic
    350, A2_B1 , ISMCTS-PUCT, ISMCTS-PUCT     , ISMCTS-Heuristic
    348, A2_B1 , ISMCTS-PUCT, ISMCTS-PUCT     , ISMCTS-Heuristic
    349, A2_B1 , ISMCTS-PUCT, ISMCTS-PUCT     , ISMCTS-Heuristic
    355, A2_B1 , ISMCTS-PUCT, ISMCTS-PUCT     , ISMCTS-Heuristic
    353, A2_B1 , ISMCTS-PUCT, ISMCTS-PUCT     , ISMCTS-Heuristic
    352, A2_B1 , ISMCTS-PUCT, ISMCTS-PUCT     , ISMCTS-Heuristic
    351, A2_B1 , ISMCTS-PUCT, ISMCTS-PUCT     , ISMCTS-Heuristic
    354, A2_B1 , ISMCTS-PUCT, ISMCTS-PUCT     , ISMCTS-Heuristic
    356, A2_B1 , ISMCTS-PUCT, ISMCTS-PUCT     , ISMCTS-Heuristic
    357, A2_B1 , ISMCTS-PUCT, ISMCTS-PUCT     , ISMCTS-Heuristic
    359, A2_B1 , ISMCTS-PUCT, ISMCTS-PUCT     , ISMCTS-Heuristic
    360, A2_B1 , ISMCTS-PUCT, ISMCTS-PUCT     , ISMCTS-Heuristic
    358, A2_B1 , ISMCTS-PUCT, ISMCTS-PUCT     , ISMCTS-Heuristic
    361, A2_B1 , ISMCTS-PUCT, ISMCTS-PUCT     , ISMCTS-Heuristic
    363, A2_B1 , ISMCTS-PUCT, ISMCTS-PUCT     , ISMCTS-Heuristic
    362, A2_B1 , ISMCTS-PUCT, ISMCTS-PUCT     , ISMCTS-Heuristic
    365, A2_B1 , ISMCTS-PUCT, ISMCTS-PUCT     , ISMCTS-Heuristic
    364, A2_B1 , ISMCTS-PUCT, ISMCTS-PUCT     , ISMCTS-Heuristic
    367, A2_B1 , ISMCTS-PUCT, ISMCTS-PUCT     , ISMCTS-Heuristic
    366, A2_B1 , ISMCTS-PUCT, ISMCTS-PUCT     , ISMCTS-Heuristic
    369, A2_B1 , ISMCTS-PUCT, ISMCTS-PUCT     , ISMCTS-Heuristic
    371, A2_B1 , ISMCTS-PUCT, ISMCTS-PUCT     , ISMCTS-Heuristic
    372, A2_B1 , ISMCTS-PUCT, ISMCTS-PUCT     , ISMCTS-Heuristic
    368, A2_B1 , ISMCTS-PUCT, ISMCTS-PUCT     , ISMCTS-Heuristic
    370, A2_B1 , ISMCTS-PUCT, ISMCTS-PUCT     , ISMCTS-Heuristic
    374, A2_B1 , ISMCTS-PUCT, ISMCTS-PUCT     , ISMCTS-Heuristic
    373, A2_B1 , ISMCTS-PUCT, ISMCTS-PUCT     , ISMCTS-Heuristic
    378, A2_B1 , ISMCTS-PUCT, ISMCTS-PUCT     , ISMCTS-Heuristic
    380, A2_B1 , ISMCTS-PUCT, ISMCTS-PUCT     , ISMCTS-Heuristic
    376, A2_B1 , ISMCTS-PUCT, ISMCTS-PUCT     , ISMCTS-Heuristic
    375, A2_B1 , ISMCTS-PUCT, ISMCTS-PUCT     , ISMCTS-Heuristic
    377, A2_B1 , ISMCTS-PUCT, ISMCTS-PUCT     , ISMCTS-Heuristic
    379, A2_B1 , ISMCTS-PUCT, ISMCTS-PUCT     , ISMCTS-Heuristic
    381, A2_B1 , ISMCTS-PUCT, ISMCTS-PUCT     , ISMCTS-Heuristic
    384, A2_B1 , ISMCTS-PUCT, ISMCTS-PUCT     , ISMCTS-Heuristic
    382, A2_B1 , ISMCTS-PUCT, ISMCTS-PUCT     , ISMCTS-Heuristic
    386, A2_B1 , ISMCTS-PUCT, ISMCTS-PUCT     , ISMCTS-Heuristic
    383, A2_B1 , ISMCTS-PUCT, ISMCTS-PUCT     , ISMCTS-Heuristic
    388, A2_B1 , ISMCTS-PUCT, ISMCTS-PUCT     , ISMCTS-Heuristic
    385, A2_B1 , ISMCTS-PUCT, ISMCTS-PUCT     , ISMCTS-Heuristic
    387, A2_B1 , ISMCTS-PUCT, ISMCTS-PUCT     , ISMCTS-Heuristic
    389, A2_B1 , ISMCTS-PUCT, ISMCTS-PUCT     , ISMCTS-Heuristic
    390, A2_B1 , ISMCTS-PUCT, ISMCTS-PUCT     , ISMCTS-Heuristic
    393, A2_B1 , ISMCTS-PUCT, ISMCTS-PUCT     , ISMCTS-Heuristic
    392, A2_B1 , ISMCTS-PUCT, ISMCTS-PUCT     , ISMCTS-Heuristic
    395, A2_B1 , ISMCTS-PUCT, ISMCTS-PUCT     , ISMCTS-Heuristic
    391, A2_B1 , ISMCTS-PUCT, ISMCTS-PUCT     , ISMCTS-Heuristic
    394, A2_B1 , ISMCTS-PUCT, ISMCTS-PUCT     , ISMCTS-Heuristic
    396, A2_B1 , ISMCTS-PUCT, ISMCTS-PUCT     , ISMCTS-Heuristic
    397, A2_B1 , ISMCTS-PUCT, ISMCTS-PUCT     , ISMCTS-Heuristic
    398, A2_B1 , ISMCTS-PUCT, ISMCTS-PUCT     , ISMCTS-Heuristic
    399, A2_B1 , ISMCTS-PUCT, ISMCTS-PUCT     , ISMCTS-Heuristic
    401, A2_B1 , ISMCTS-PUCT, ISMCTS-PUCT     , ISMCTS-Heuristic
    400, A2_B1 , ISMCTS-PUCT, ISMCTS-PUCT     , ISMCTS-Heuristic
    402, A2_B1 , ISMCTS-PUCT, ISMCTS-PUCT     , ISMCTS-Heuristic
    406, A2_B1 , ISMCTS-PUCT, ISMCTS-PUCT     , ISMCTS-Heuristic
    405, A2_B1 , ISMCTS-PUCT, ISMCTS-PUCT     , ISMCTS-Heuristic
    403, A2_B1 , ISMCTS-PUCT, ISMCTS-PUCT     , ISMCTS-Heuristic
    404, A2_B1 , ISMCTS-PUCT, ISMCTS-PUCT     , ISMCTS-Heuristic
    409, A2_B1 , ISMCTS-PUCT, ISMCTS-PUCT     , ISMCTS-Heuristic
    407, A2_B1 , ISMCTS-PUCT, ISMCTS-PUCT     , ISMCTS-Heuristic
    411, A2_B1 , ISMCTS-PUCT, ISMCTS-PUCT     , ISMCTS-Heuristic
    408, A2_B1 , ISMCTS-PUCT, ISMCTS-PUCT     , ISMCTS-Heuristic
    413, A2_B1 , ISMCTS-PUCT, ISMCTS-PUCT     , ISMCTS-Heuristic
    412, A2_B1 , ISMCTS-PUCT, ISMCTS-PUCT     , ISMCTS-Heuristic
    410, A2_B1 , ISMCTS-PUCT, ISMCTS-PUCT     , ISMCTS-Heuristic
    414, A2_B1 , ISMCTS-PUCT, ISMCTS-PUCT     , ISMCTS-Heuristic
    416, A2_B1 , ISMCTS-PUCT, ISMCTS-PUCT     , ISMCTS-Heuristic
    415, A2_B1 , ISMCTS-PUCT, ISMCTS-PUCT     , ISMCTS-Heuristic
    420, A2_B1 , ISMCTS-PUCT, ISMCTS-PUCT     , ISMCTS-Heuristic
    419, A2_B1 , ISMCTS-PUCT, ISMCTS-PUCT     , ISMCTS-Heuristic
    417, A2_B1 , ISMCTS-PUCT, ISMCTS-PUCT     , ISMCTS-Heuristic
    418, A2_B1 , ISMCTS-PUCT, ISMCTS-PUCT     , ISMCTS-Heuristic
    421, A2_B1 , ISMCTS-PUCT, ISMCTS-PUCT     , ISMCTS-Heuristic
    422, A2_B1 , ISMCTS-PUCT, ISMCTS-PUCT     , ISMCTS-Heuristic
    423, A2_B1 , ISMCTS-PUCT, ISMCTS-PUCT     , ISMCTS-Heuristic
    424, A2_B1 , ISMCTS-PUCT, ISMCTS-PUCT     , ISMCTS-Heuristic
    426, A2_B1 , ISMCTS-PUCT, ISMCTS-PUCT     , ISMCTS-Heuristic
    425, A2_B1 , ISMCTS-PUCT, ISMCTS-PUCT     , ISMCTS-Heuristic
    427, A2_B1 , ISMCTS-PUCT, ISMCTS-PUCT     , ISMCTS-Heuristic
    428, A2_B1 , ISMCTS-PUCT, ISMCTS-PUCT     , ISMCTS-Heuristic
    430, A2_B1 , ISMCTS-PUCT, ISMCTS-PUCT     , ISMCTS-Heuristic
    431, A2_B1 , ISMCTS-PUCT, ISMCTS-PUCT     , ISMCTS-Heuristic
    429, A2_B1 , ISMCTS-PUCT, ISMCTS-PUCT     , ISMCTS-Heuristic
    432, A2_B1 , ISMCTS-PUCT, ISMCTS-PUCT     , ISMCTS-Heuristic
    433, A2_B1 , ISMCTS-PUCT, ISMCTS-PUCT     , ISMCTS-Heuristic
    435, A2_B1 , ISMCTS-PUCT, ISMCTS-PUCT     , ISMCTS-Heuristic
    437, A2_B1 , ISMCTS-PUCT, ISMCTS-PUCT     , ISMCTS-Heuristic
    434, A2_B1 , ISMCTS-PUCT, ISMCTS-PUCT     , ISMCTS-Heuristic
    439, A2_B1 , ISMCTS-PUCT, ISMCTS-PUCT     , ISMCTS-Heuristic
    440, A2_B1 , ISMCTS-PUCT, ISMCTS-PUCT     , ISMCTS-Heuristic
    436, A2_B1 , ISMCTS-PUCT, ISMCTS-PUCT     , ISMCTS-Heuristic
    438, A2_B1 , ISMCTS-PUCT, ISMCTS-PUCT     , ISMCTS-Heuristic
    442, A2_B1 , ISMCTS-PUCT, ISMCTS-PUCT     , ISMCTS-Heuristic
    443, A2_B1 , ISMCTS-PUCT, ISMCTS-PUCT     , ISMCTS-Heuristic
    441, A2_B1 , ISMCTS-PUCT, ISMCTS-PUCT     , ISMCTS-Heuristic
    444, A2_B1 , ISMCTS-PUCT, ISMCTS-PUCT     , ISMCTS-Heuristic
    445, A2_B1 , ISMCTS-PUCT, ISMCTS-PUCT     , ISMCTS-Heuristic
    447, A2_B1 , ISMCTS-PUCT, ISMCTS-PUCT     , ISMCTS-Heuristic
    448, A2_B1 , ISMCTS-PUCT, ISMCTS-PUCT     , ISMCTS-Heuristic
    446, A2_B1 , ISMCTS-PUCT, ISMCTS-PUCT     , ISMCTS-Heuristic
    449, A2_B1 , ISMCTS-PUCT, ISMCTS-PUCT     , ISMCTS-Heuristic
    450, A2_B1 , ISMCTS-PUCT, ISMCTS-PUCT     , ISMCTS-Heuristic
    451, A2_B1 , ISMCTS-PUCT, ISMCTS-PUCT     , ISMCTS-Heuristic
    452, A2_B1 , ISMCTS-PUCT, ISMCTS-PUCT     , ISMCTS-Heuristic
    455, A2_B1 , ISMCTS-PUCT, ISMCTS-PUCT     , ISMCTS-Heuristic
    456, A2_B1 , ISMCTS-PUCT, ISMCTS-PUCT     , ISMCTS-Heuristic
    453, A2_B1 , ISMCTS-PUCT, ISMCTS-PUCT     , ISMCTS-Heuristic
    454, A2_B1 , ISMCTS-PUCT, ISMCTS-PUCT     , ISMCTS-Heuristic
    457, A2_B1 , ISMCTS-PUCT, ISMCTS-PUCT     , ISMCTS-Heuristic
    458, A2_B1 , ISMCTS-PUCT, ISMCTS-PUCT     , ISMCTS-Heuristic
    459, A2_B1 , ISMCTS-PUCT, ISMCTS-PUCT     , ISMCTS-Heuristic
    460, A2_B1 , ISMCTS-PUCT, ISMCTS-PUCT     , ISMCTS-Heuristic
    461, A2_B1 , ISMCTS-PUCT, ISMCTS-PUCT     , ISMCTS-Heuristic
    462, A2_B1 , ISMCTS-PUCT, ISMCTS-PUCT     , ISMCTS-Heuristic
    463, A2_B1 , ISMCTS-PUCT, ISMCTS-PUCT     , ISMCTS-Heuristic
    464, A2_B1 , ISMCTS-PUCT, ISMCTS-PUCT     , ISMCTS-Heuristic
    466, A2_B1 , ISMCTS-PUCT, ISMCTS-PUCT     , ISMCTS-Heuristic
    465, A2_B1 , ISMCTS-PUCT, ISMCTS-PUCT     , ISMCTS-Heuristic
    468, A2_B1 , ISMCTS-PUCT, ISMCTS-PUCT     , ISMCTS-Heuristic
    467, A2_B1 , ISMCTS-PUCT, ISMCTS-PUCT     , ISMCTS-Heuristic
    471, A2_B1 , ISMCTS-PUCT, ISMCTS-PUCT     , ISMCTS-Heuristic
    470, A2_B1 , ISMCTS-PUCT, ISMCTS-PUCT     , ISMCTS-Heuristic
    469, A2_B1 , ISMCTS-PUCT, ISMCTS-PUCT     , ISMCTS-Heuristic
    473, A2_B1 , ISMCTS-PUCT, ISMCTS-PUCT     , ISMCTS-Heuristic
    474, A2_B1 , ISMCTS-PUCT, ISMCTS-PUCT     , ISMCTS-Heuristic
    472, A2_B1 , ISMCTS-PUCT, ISMCTS-PUCT     , ISMCTS-Heuristic
    475, A2_B1 , ISMCTS-PUCT, ISMCTS-PUCT     , ISMCTS-Heuristic
    476, A2_B1 , ISMCTS-PUCT, ISMCTS-PUCT     , ISMCTS-Heuristic
    480, A2_B1 , ISMCTS-PUCT, ISMCTS-PUCT     , ISMCTS-Heuristic
    478, A2_B1 , ISMCTS-PUCT, ISMCTS-PUCT     , ISMCTS-Heuristic
    477, A2_B1 , ISMCTS-PUCT, ISMCTS-PUCT     , ISMCTS-Heuristic
    481, A2_B1 , ISMCTS-PUCT, ISMCTS-PUCT     , ISMCTS-Heuristic
    479, A2_B1 , ISMCTS-PUCT, ISMCTS-PUCT     , ISMCTS-Heuristic
    482, A2_B1 , ISMCTS-PUCT, ISMCTS-PUCT     , ISMCTS-Heuristic
    484, A2_B1 , ISMCTS-PUCT, ISMCTS-PUCT     , ISMCTS-Heuristic
    483, A2_B1 , ISMCTS-PUCT, ISMCTS-PUCT     , ISMCTS-Heuristic
    486, A2_B1 , ISMCTS-PUCT, ISMCTS-PUCT     , ISMCTS-Heuristic
    488, A2_B1 , ISMCTS-PUCT, ISMCTS-PUCT     , ISMCTS-Heuristic
    489, A2_B1 , ISMCTS-PUCT, ISMCTS-PUCT     , ISMCTS-Heuristic
    487, A2_B1 , ISMCTS-PUCT, ISMCTS-PUCT     , ISMCTS-Heuristic
    485, A2_B1 , ISMCTS-PUCT, ISMCTS-PUCT     , ISMCTS-Heuristic
    490, A2_B1 , ISMCTS-PUCT, ISMCTS-PUCT     , ISMCTS-Heuristic
    494, A2_B1 , ISMCTS-PUCT, ISMCTS-PUCT     , ISMCTS-Heuristic
    491, A2_B1 , ISMCTS-PUCT, ISMCTS-PUCT     , ISMCTS-Heuristic
    492, A2_B1 , ISMCTS-PUCT, ISMCTS-PUCT     , ISMCTS-Heuristic
    493, A2_B1 , ISMCTS-PUCT, ISMCTS-PUCT     , ISMCTS-Heuristic
    495, A2_B1 , ISMCTS-PUCT, ISMCTS-PUCT     , ISMCTS-Heuristic
    496, A2_B1 , ISMCTS-PUCT, ISMCTS-PUCT     , ISMCTS-Heuristic
    497, A2_B1 , ISMCTS-PUCT, ISMCTS-PUCT     , ISMCTS-Heuristic
    500, A1_B2 , ISMCTS-PUCT, ISMCTS-Heuristic, ISMCTS-Heuristic
    498, A2_B1 , ISMCTS-PUCT, ISMCTS-PUCT     , ISMCTS-Heuristic
    501, A1_B2 , ISMCTS-PUCT, ISMCTS-Heuristic, ISMCTS-Heuristic
    502, A1_B2 , ISMCTS-PUCT, ISMCTS-Heuristic, ISMCTS-Heuristic
    499, A2_B1 , ISMCTS-PUCT, ISMCTS-PUCT     , ISMCTS-Heuristic
    505, A1_B2 , ISMCTS-PUCT, ISMCTS-Heuristic, ISMCTS-Heuristic
    503, A1_B2 , ISMCTS-PUCT, ISMCTS-Heuristic, ISMCTS-Heuristic
    504, A1_B2 , ISMCTS-PUCT, ISMCTS-Heuristic, ISMCTS-Heuristic
    506, A1_B2 , ISMCTS-PUCT, ISMCTS-Heuristic, ISMCTS-Heuristic
    508, A1_B2 , ISMCTS-PUCT, ISMCTS-Heuristic, ISMCTS-Heuristic
    507, A1_B2 , ISMCTS-PUCT, ISMCTS-Heuristic, ISMCTS-Heuristic
    509, A1_B2 , ISMCTS-PUCT, ISMCTS-Heuristic, ISMCTS-Heuristic
    510, A1_B2 , ISMCTS-PUCT, ISMCTS-Heuristic, ISMCTS-Heuristic
    511, A1_B2 , ISMCTS-PUCT, ISMCTS-Heuristic, ISMCTS-Heuristic
    512, A1_B2 , ISMCTS-PUCT, ISMCTS-Heuristic, ISMCTS-Heuristic
    513, A1_B2 , ISMCTS-PUCT, ISMCTS-Heuristic, ISMCTS-Heuristic
    514, A1_B2 , ISMCTS-PUCT, ISMCTS-Heuristic, ISMCTS-Heuristic
    516, A1_B2 , ISMCTS-PUCT, ISMCTS-Heuristic, ISMCTS-Heuristic
    515, A1_B2 , ISMCTS-PUCT, ISMCTS-Heuristic, ISMCTS-Heuristic
    519, A1_B2 , ISMCTS-PUCT, ISMCTS-Heuristic, ISMCTS-Heuristic
    517, A1_B2 , ISMCTS-PUCT, ISMCTS-Heuristic, ISMCTS-Heuristic
    521, A1_B2 , ISMCTS-PUCT, ISMCTS-Heuristic, ISMCTS-Heuristic
    518, A1_B2 , ISMCTS-PUCT, ISMCTS-Heuristic, ISMCTS-Heuristic
    520, A1_B2 , ISMCTS-PUCT, ISMCTS-Heuristic, ISMCTS-Heuristic
    523, A1_B2 , ISMCTS-PUCT, ISMCTS-Heuristic, ISMCTS-Heuristic
    522, A1_B2 , ISMCTS-PUCT, ISMCTS-Heuristic, ISMCTS-Heuristic
    524, A1_B2 , ISMCTS-PUCT, ISMCTS-Heuristic, ISMCTS-Heuristic
    525, A1_B2 , ISMCTS-PUCT, ISMCTS-Heuristic, ISMCTS-Heuristic
    526, A1_B2 , ISMCTS-PUCT, ISMCTS-Heuristic, ISMCTS-Heuristic
    527, A1_B2 , ISMCTS-PUCT, ISMCTS-Heuristic, ISMCTS-Heuristic
    528, A1_B2 , ISMCTS-PUCT, ISMCTS-Heuristic, ISMCTS-Heuristic
    530, A1_B2 , ISMCTS-PUCT, ISMCTS-Heuristic, ISMCTS-Heuristic
    529, A1_B2 , ISMCTS-PUCT, ISMCTS-Heuristic, ISMCTS-Heuristic
    532, A1_B2 , ISMCTS-PUCT, ISMCTS-Heuristic, ISMCTS-Heuristic
    531, A1_B2 , ISMCTS-PUCT, ISMCTS-Heuristic, ISMCTS-Heuristic
    537, A1_B2 , ISMCTS-PUCT, ISMCTS-Heuristic, ISMCTS-Heuristic
    536, A1_B2 , ISMCTS-PUCT, ISMCTS-Heuristic, ISMCTS-Heuristic
    533, A1_B2 , ISMCTS-PUCT, ISMCTS-Heuristic, ISMCTS-Heuristic
    534, A1_B2 , ISMCTS-PUCT, ISMCTS-Heuristic, ISMCTS-Heuristic
    535, A1_B2 , ISMCTS-PUCT, ISMCTS-Heuristic, ISMCTS-Heuristic
    538, A1_B2 , ISMCTS-PUCT, ISMCTS-Heuristic, ISMCTS-Heuristic
    540, A1_B2 , ISMCTS-PUCT, ISMCTS-Heuristic, ISMCTS-Heuristic
    539, A1_B2 , ISMCTS-PUCT, ISMCTS-Heuristic, ISMCTS-Heuristic
    541, A1_B2 , ISMCTS-PUCT, ISMCTS-Heuristic, ISMCTS-Heuristic
    542, A1_B2 , ISMCTS-PUCT, ISMCTS-Heuristic, ISMCTS-Heuristic
    544, A1_B2 , ISMCTS-PUCT, ISMCTS-Heuristic, ISMCTS-Heuristic
    543, A1_B2 , ISMCTS-PUCT, ISMCTS-Heuristic, ISMCTS-Heuristic
    545, A1_B2 , ISMCTS-PUCT, ISMCTS-Heuristic, ISMCTS-Heuristic
    546, A1_B2 , ISMCTS-PUCT, ISMCTS-Heuristic, ISMCTS-Heuristic
    548, A1_B2 , ISMCTS-PUCT, ISMCTS-Heuristic, ISMCTS-Heuristic
    550, A1_B2 , ISMCTS-PUCT, ISMCTS-Heuristic, ISMCTS-Heuristic
    547, A1_B2 , ISMCTS-PUCT, ISMCTS-Heuristic, ISMCTS-Heuristic
    549, A1_B2 , ISMCTS-PUCT, ISMCTS-Heuristic, ISMCTS-Heuristic
    551, A1_B2 , ISMCTS-PUCT, ISMCTS-Heuristic, ISMCTS-Heuristic
    552, A1_B2 , ISMCTS-PUCT, ISMCTS-Heuristic, ISMCTS-Heuristic
    554, A1_B2 , ISMCTS-PUCT, ISMCTS-Heuristic, ISMCTS-Heuristic
    553, A1_B2 , ISMCTS-PUCT, ISMCTS-Heuristic, ISMCTS-Heuristic
    556, A1_B2 , ISMCTS-PUCT, ISMCTS-Heuristic, ISMCTS-Heuristic
    557, A1_B2 , ISMCTS-PUCT, ISMCTS-Heuristic, ISMCTS-Heuristic
    558, A1_B2 , ISMCTS-PUCT, ISMCTS-Heuristic, ISMCTS-Heuristic
    555, A1_B2 , ISMCTS-PUCT, ISMCTS-Heuristic, ISMCTS-Heuristic
    559, A1_B2 , ISMCTS-PUCT, ISMCTS-Heuristic, ISMCTS-Heuristic
    560, A1_B2 , ISMCTS-PUCT, ISMCTS-Heuristic, ISMCTS-Heuristic
    561, A1_B2 , ISMCTS-PUCT, ISMCTS-Heuristic, ISMCTS-Heuristic
    562, A1_B2 , ISMCTS-PUCT, ISMCTS-Heuristic, ISMCTS-Heuristic
    563, A1_B2 , ISMCTS-PUCT, ISMCTS-Heuristic, ISMCTS-Heuristic
    565, A1_B2 , ISMCTS-PUCT, ISMCTS-Heuristic, ISMCTS-Heuristic
    564, A1_B2 , ISMCTS-PUCT, ISMCTS-Heuristic, ISMCTS-Heuristic
    567, A1_B2 , ISMCTS-PUCT, ISMCTS-Heuristic, ISMCTS-Heuristic
    566, A1_B2 , ISMCTS-PUCT, ISMCTS-Heuristic, ISMCTS-Heuristic
    568, A1_B2 , ISMCTS-PUCT, ISMCTS-Heuristic, ISMCTS-Heuristic
    570, A1_B2 , ISMCTS-PUCT, ISMCTS-Heuristic, ISMCTS-Heuristic
    569, A1_B2 , ISMCTS-PUCT, ISMCTS-Heuristic, ISMCTS-Heuristic
    571, A1_B2 , ISMCTS-PUCT, ISMCTS-Heuristic, ISMCTS-Heuristic
    572, A1_B2 , ISMCTS-PUCT, ISMCTS-Heuristic, ISMCTS-Heuristic
    573, A1_B2 , ISMCTS-PUCT, ISMCTS-Heuristic, ISMCTS-Heuristic
    574, A1_B2 , ISMCTS-PUCT, ISMCTS-Heuristic, ISMCTS-Heuristic
    575, A1_B2 , ISMCTS-PUCT, ISMCTS-Heuristic, ISMCTS-Heuristic
    578, A1_B2 , ISMCTS-PUCT, ISMCTS-Heuristic, ISMCTS-Heuristic
    577, A1_B2 , ISMCTS-PUCT, ISMCTS-Heuristic, ISMCTS-Heuristic
    576, A1_B2 , ISMCTS-PUCT, ISMCTS-Heuristic, ISMCTS-Heuristic
    580, A1_B2 , ISMCTS-PUCT, ISMCTS-Heuristic, ISMCTS-Heuristic
    579, A1_B2 , ISMCTS-PUCT, ISMCTS-Heuristic, ISMCTS-Heuristic
    582, A1_B2 , ISMCTS-PUCT, ISMCTS-Heuristic, ISMCTS-Heuristic
    581, A1_B2 , ISMCTS-PUCT, ISMCTS-Heuristic, ISMCTS-Heuristic
    584, A1_B2 , ISMCTS-PUCT, ISMCTS-Heuristic, ISMCTS-Heuristic
    583, A1_B2 , ISMCTS-PUCT, ISMCTS-Heuristic, ISMCTS-Heuristic
    585, A1_B2 , ISMCTS-PUCT, ISMCTS-Heuristic, ISMCTS-Heuristic
    588, A1_B2 , ISMCTS-PUCT, ISMCTS-Heuristic, ISMCTS-Heuristic
    586, A1_B2 , ISMCTS-PUCT, ISMCTS-Heuristic, ISMCTS-Heuristic
    587, A1_B2 , ISMCTS-PUCT, ISMCTS-Heuristic, ISMCTS-Heuristic
    589, A1_B2 , ISMCTS-PUCT, ISMCTS-Heuristic, ISMCTS-Heuristic
    593, A1_B2 , ISMCTS-PUCT, ISMCTS-Heuristic, ISMCTS-Heuristic
    591, A1_B2 , ISMCTS-PUCT, ISMCTS-Heuristic, ISMCTS-Heuristic
    592, A1_B2 , ISMCTS-PUCT, ISMCTS-Heuristic, ISMCTS-Heuristic
    590, A1_B2 , ISMCTS-PUCT, ISMCTS-Heuristic, ISMCTS-Heuristic
    596, A1_B2 , ISMCTS-PUCT, ISMCTS-Heuristic, ISMCTS-Heuristic
    597, A1_B2 , ISMCTS-PUCT, ISMCTS-Heuristic, ISMCTS-Heuristic
    595, A1_B2 , ISMCTS-PUCT, ISMCTS-Heuristic, ISMCTS-Heuristic
    594, A1_B2 , ISMCTS-PUCT, ISMCTS-Heuristic, ISMCTS-Heuristic
    598, A1_B2 , ISMCTS-PUCT, ISMCTS-Heuristic, ISMCTS-Heuristic
    600, A1_B2 , ISMCTS-PUCT, ISMCTS-Heuristic, ISMCTS-Heuristic
    599, A1_B2 , ISMCTS-PUCT, ISMCTS-Heuristic, ISMCTS-Heuristic
    601, A1_B2 , ISMCTS-PUCT, ISMCTS-Heuristic, ISMCTS-Heuristic
    603, A1_B2 , ISMCTS-PUCT, ISMCTS-Heuristic, ISMCTS-Heuristic
    605, A1_B2 , ISMCTS-PUCT, ISMCTS-Heuristic, ISMCTS-Heuristic
    602, A1_B2 , ISMCTS-PUCT, ISMCTS-Heuristic, ISMCTS-Heuristic
    604, A1_B2 , ISMCTS-PUCT, ISMCTS-Heuristic, ISMCTS-Heuristic
    606, A1_B2 , ISMCTS-PUCT, ISMCTS-Heuristic, ISMCTS-Heuristic
    607, A1_B2 , ISMCTS-PUCT, ISMCTS-Heuristic, ISMCTS-Heuristic
    608, A1_B2 , ISMCTS-PUCT, ISMCTS-Heuristic, ISMCTS-Heuristic
    609, A1_B2 , ISMCTS-PUCT, ISMCTS-Heuristic, ISMCTS-Heuristic
    611, A1_B2 , ISMCTS-PUCT, ISMCTS-Heuristic, ISMCTS-Heuristic
    610, A1_B2 , ISMCTS-PUCT, ISMCTS-Heuristic, ISMCTS-Heuristic
    613, A1_B2 , ISMCTS-PUCT, ISMCTS-Heuristic, ISMCTS-Heuristic
    612, A1_B2 , ISMCTS-PUCT, ISMCTS-Heuristic, ISMCTS-Heuristic
    616, A1_B2 , ISMCTS-PUCT, ISMCTS-Heuristic, ISMCTS-Heuristic
    615, A1_B2 , ISMCTS-PUCT, ISMCTS-Heuristic, ISMCTS-Heuristic
    617, A1_B2 , ISMCTS-PUCT, ISMCTS-Heuristic, ISMCTS-Heuristic
    618, A1_B2 , ISMCTS-PUCT, ISMCTS-Heuristic, ISMCTS-Heuristic
    619, A1_B2 , ISMCTS-PUCT, ISMCTS-Heuristic, ISMCTS-Heuristic
    614, A1_B2 , ISMCTS-PUCT, ISMCTS-Heuristic, ISMCTS-Heuristic
    623, A1_B2 , ISMCTS-PUCT, ISMCTS-Heuristic, ISMCTS-Heuristic
    621, A1_B2 , ISMCTS-PUCT, ISMCTS-Heuristic, ISMCTS-Heuristic
    620, A1_B2 , ISMCTS-PUCT, ISMCTS-Heuristic, ISMCTS-Heuristic
    622, A1_B2 , ISMCTS-PUCT, ISMCTS-Heuristic, ISMCTS-Heuristic
    625, A1_B2 , ISMCTS-PUCT, ISMCTS-Heuristic, ISMCTS-Heuristic
    624, A1_B2 , ISMCTS-PUCT, ISMCTS-Heuristic, ISMCTS-Heuristic
    627, A1_B2 , ISMCTS-PUCT, ISMCTS-Heuristic, ISMCTS-Heuristic
    626, A1_B2 , ISMCTS-PUCT, ISMCTS-Heuristic, ISMCTS-Heuristic
    629, A1_B2 , ISMCTS-PUCT, ISMCTS-Heuristic, ISMCTS-Heuristic
    628, A1_B2 , ISMCTS-PUCT, ISMCTS-Heuristic, ISMCTS-Heuristic
    631, A1_B2 , ISMCTS-PUCT, ISMCTS-Heuristic, ISMCTS-Heuristic
    633, A1_B2 , ISMCTS-PUCT, ISMCTS-Heuristic, ISMCTS-Heuristic
    630, A1_B2 , ISMCTS-PUCT, ISMCTS-Heuristic, ISMCTS-Heuristic
    634, A1_B2 , ISMCTS-PUCT, ISMCTS-Heuristic, ISMCTS-Heuristic
    632, A1_B2 , ISMCTS-PUCT, ISMCTS-Heuristic, ISMCTS-Heuristic
    635, A1_B2 , ISMCTS-PUCT, ISMCTS-Heuristic, ISMCTS-Heuristic
    638, A1_B2 , ISMCTS-PUCT, ISMCTS-Heuristic, ISMCTS-Heuristic
    636, A1_B2 , ISMCTS-PUCT, ISMCTS-Heuristic, ISMCTS-Heuristic
    637, A1_B2 , ISMCTS-PUCT, ISMCTS-Heuristic, ISMCTS-Heuristic
    639, A1_B2 , ISMCTS-PUCT, ISMCTS-Heuristic, ISMCTS-Heuristic
    643, A1_B2 , ISMCTS-PUCT, ISMCTS-Heuristic, ISMCTS-Heuristic
    641, A1_B2 , ISMCTS-PUCT, ISMCTS-Heuristic, ISMCTS-Heuristic
    640, A1_B2 , ISMCTS-PUCT, ISMCTS-Heuristic, ISMCTS-Heuristic
    642, A1_B2 , ISMCTS-PUCT, ISMCTS-Heuristic, ISMCTS-Heuristic
    644, A1_B2 , ISMCTS-PUCT, ISMCTS-Heuristic, ISMCTS-Heuristic
    646, A1_B2 , ISMCTS-PUCT, ISMCTS-Heuristic, ISMCTS-Heuristic
    645, A1_B2 , ISMCTS-PUCT, ISMCTS-Heuristic, ISMCTS-Heuristic
    647, A1_B2 , ISMCTS-PUCT, ISMCTS-Heuristic, ISMCTS-Heuristic
    648, A1_B2 , ISMCTS-PUCT, ISMCTS-Heuristic, ISMCTS-Heuristic
    649, A1_B2 , ISMCTS-PUCT, ISMCTS-Heuristic, ISMCTS-Heuristic
    651, A1_B2 , ISMCTS-PUCT, ISMCTS-Heuristic, ISMCTS-Heuristic
    653, A1_B2 , ISMCTS-PUCT, ISMCTS-Heuristic, ISMCTS-Heuristic
    650, A1_B2 , ISMCTS-PUCT, ISMCTS-Heuristic, ISMCTS-Heuristic
    652, A1_B2 , ISMCTS-PUCT, ISMCTS-Heuristic, ISMCTS-Heuristic
    654, A1_B2 , ISMCTS-PUCT, ISMCTS-Heuristic, ISMCTS-Heuristic
    656, A1_B2 , ISMCTS-PUCT, ISMCTS-Heuristic, ISMCTS-Heuristic
    655, A1_B2 , ISMCTS-PUCT, ISMCTS-Heuristic, ISMCTS-Heuristic
    659, A1_B2 , ISMCTS-PUCT, ISMCTS-Heuristic, ISMCTS-Heuristic
    660, A1_B2 , ISMCTS-PUCT, ISMCTS-Heuristic, ISMCTS-Heuristic
    658, A1_B2 , ISMCTS-PUCT, ISMCTS-Heuristic, ISMCTS-Heuristic
    657, A1_B2 , ISMCTS-PUCT, ISMCTS-Heuristic, ISMCTS-Heuristic
    661, A1_B2 , ISMCTS-PUCT, ISMCTS-Heuristic, ISMCTS-Heuristic
    662, A1_B2 , ISMCTS-PUCT, ISMCTS-Heuristic, ISMCTS-Heuristic
    663, A1_B2 , ISMCTS-PUCT, ISMCTS-Heuristic, ISMCTS-Heuristic
    665, A1_B2 , ISMCTS-PUCT, ISMCTS-Heuristic, ISMCTS-Heuristic
    664, A1_B2 , ISMCTS-PUCT, ISMCTS-Heuristic, ISMCTS-Heuristic
    667, A1_B2 , ISMCTS-PUCT, ISMCTS-Heuristic, ISMCTS-Heuristic
    666, A1_B2 , ISMCTS-PUCT, ISMCTS-Heuristic, ISMCTS-Heuristic
    668, A1_B2 , ISMCTS-PUCT, ISMCTS-Heuristic, ISMCTS-Heuristic
    669, A1_B2 , ISMCTS-PUCT, ISMCTS-Heuristic, ISMCTS-Heuristic
    670, A1_B2 , ISMCTS-PUCT, ISMCTS-Heuristic, ISMCTS-Heuristic
    671, A1_B2 , ISMCTS-PUCT, ISMCTS-Heuristic, ISMCTS-Heuristic
    672, A1_B2 , ISMCTS-PUCT, ISMCTS-Heuristic, ISMCTS-Heuristic
    674, A1_B2 , ISMCTS-PUCT, ISMCTS-Heuristic, ISMCTS-Heuristic
    676, A1_B2 , ISMCTS-PUCT, ISMCTS-Heuristic, ISMCTS-Heuristic
    673, A1_B2 , ISMCTS-PUCT, ISMCTS-Heuristic, ISMCTS-Heuristic
    675, A1_B2 , ISMCTS-PUCT, ISMCTS-Heuristic, ISMCTS-Heuristic
    678, A1_B2 , ISMCTS-PUCT, ISMCTS-Heuristic, ISMCTS-Heuristic
    677, A1_B2 , ISMCTS-PUCT, ISMCTS-Heuristic, ISMCTS-Heuristic
    680, A1_B2 , ISMCTS-PUCT, ISMCTS-Heuristic, ISMCTS-Heuristic
    679, A1_B2 , ISMCTS-PUCT, ISMCTS-Heuristic, ISMCTS-Heuristic
    682, A1_B2 , ISMCTS-PUCT, ISMCTS-Heuristic, ISMCTS-Heuristic
    681, A1_B2 , ISMCTS-PUCT, ISMCTS-Heuristic, ISMCTS-Heuristic
    683, A1_B2 , ISMCTS-PUCT, ISMCTS-Heuristic, ISMCTS-Heuristic
    684, A1_B2 , ISMCTS-PUCT, ISMCTS-Heuristic, ISMCTS-Heuristic
    685, A1_B2 , ISMCTS-PUCT, ISMCTS-Heuristic, ISMCTS-Heuristic
    686, A1_B2 , ISMCTS-PUCT, ISMCTS-Heuristic, ISMCTS-Heuristic
    688, A1_B2 , ISMCTS-PUCT, ISMCTS-Heuristic, ISMCTS-Heuristic
    687, A1_B2 , ISMCTS-PUCT, ISMCTS-Heuristic, ISMCTS-Heuristic
    691, A1_B2 , ISMCTS-PUCT, ISMCTS-Heuristic, ISMCTS-Heuristic
    689, A1_B2 , ISMCTS-PUCT, ISMCTS-Heuristic, ISMCTS-Heuristic
    690, A1_B2 , ISMCTS-PUCT, ISMCTS-Heuristic, ISMCTS-Heuristic
    696, A1_B2 , ISMCTS-PUCT, ISMCTS-Heuristic, ISMCTS-Heuristic
    693, A1_B2 , ISMCTS-PUCT, ISMCTS-Heuristic, ISMCTS-Heuristic
    692, A1_B2 , ISMCTS-PUCT, ISMCTS-Heuristic, ISMCTS-Heuristic
    694, A1_B2 , ISMCTS-PUCT, ISMCTS-Heuristic, ISMCTS-Heuristic
    695, A1_B2 , ISMCTS-PUCT, ISMCTS-Heuristic, ISMCTS-Heuristic
    699, A1_B2 , ISMCTS-PUCT, ISMCTS-Heuristic, ISMCTS-Heuristic
    698, A1_B2 , ISMCTS-PUCT, ISMCTS-Heuristic, ISMCTS-Heuristic
    697, A1_B2 , ISMCTS-PUCT, ISMCTS-Heuristic, ISMCTS-Heuristic
    701, A1_B2 , ISMCTS-PUCT, ISMCTS-Heuristic, ISMCTS-Heuristic
    700, A1_B2 , ISMCTS-PUCT, ISMCTS-Heuristic, ISMCTS-Heuristic
    702, A1_B2 , ISMCTS-PUCT, ISMCTS-Heuristic, ISMCTS-Heuristic
    703, A1_B2 , ISMCTS-PUCT, ISMCTS-Heuristic, ISMCTS-Heuristic
    704, A1_B2 , ISMCTS-PUCT, ISMCTS-Heuristic, ISMCTS-Heuristic
    705, A1_B2 , ISMCTS-PUCT, ISMCTS-Heuristic, ISMCTS-Heuristic
    706, A1_B2 , ISMCTS-PUCT, ISMCTS-Heuristic, ISMCTS-Heuristic
    709, A1_B2 , ISMCTS-PUCT, ISMCTS-Heuristic, ISMCTS-Heuristic
    707, A1_B2 , ISMCTS-PUCT, ISMCTS-Heuristic, ISMCTS-Heuristic
    708, A1_B2 , ISMCTS-PUCT, ISMCTS-Heuristic, ISMCTS-Heuristic
    712, A1_B2 , ISMCTS-PUCT, ISMCTS-Heuristic, ISMCTS-Heuristic
    711, A1_B2 , ISMCTS-PUCT, ISMCTS-Heuristic, ISMCTS-Heuristic
    715, A1_B2 , ISMCTS-PUCT, ISMCTS-Heuristic, ISMCTS-Heuristic
    713, A1_B2 , ISMCTS-PUCT, ISMCTS-Heuristic, ISMCTS-Heuristic
    714, A1_B2 , ISMCTS-PUCT, ISMCTS-Heuristic, ISMCTS-Heuristic
    710, A1_B2 , ISMCTS-PUCT, ISMCTS-Heuristic, ISMCTS-Heuristic
    716, A1_B2 , ISMCTS-PUCT, ISMCTS-Heuristic, ISMCTS-Heuristic
    719, A1_B2 , ISMCTS-PUCT, ISMCTS-Heuristic, ISMCTS-Heuristic
    720, A1_B2 , ISMCTS-PUCT, ISMCTS-Heuristic, ISMCTS-Heuristic
    717, A1_B2 , ISMCTS-PUCT, ISMCTS-Heuristic, ISMCTS-Heuristic
    721, A1_B2 , ISMCTS-PUCT, ISMCTS-Heuristic, ISMCTS-Heuristic
    718, A1_B2 , ISMCTS-PUCT, ISMCTS-Heuristic, ISMCTS-Heuristic
    722, A1_B2 , ISMCTS-PUCT, ISMCTS-Heuristic, ISMCTS-Heuristic
    723, A1_B2 , ISMCTS-PUCT, ISMCTS-Heuristic, ISMCTS-Heuristic
    724, A1_B2 , ISMCTS-PUCT, ISMCTS-Heuristic, ISMCTS-Heuristic
    725, A1_B2 , ISMCTS-PUCT, ISMCTS-Heuristic, ISMCTS-Heuristic
    729, A1_B2 , ISMCTS-PUCT, ISMCTS-Heuristic, ISMCTS-Heuristic
    726, A1_B2 , ISMCTS-PUCT, ISMCTS-Heuristic, ISMCTS-Heuristic
    727, A1_B2 , ISMCTS-PUCT, ISMCTS-Heuristic, ISMCTS-Heuristic
    730, A1_B2 , ISMCTS-PUCT, ISMCTS-Heuristic, ISMCTS-Heuristic
    731, A1_B2 , ISMCTS-PUCT, ISMCTS-Heuristic, ISMCTS-Heuristic
    728, A1_B2 , ISMCTS-PUCT, ISMCTS-Heuristic, ISMCTS-Heuristic
    733, A1_B2 , ISMCTS-PUCT, ISMCTS-Heuristic, ISMCTS-Heuristic
    735, A1_B2 , ISMCTS-PUCT, ISMCTS-Heuristic, ISMCTS-Heuristic
    736, A1_B2 , ISMCTS-PUCT, ISMCTS-Heuristic, ISMCTS-Heuristic
    737, A1_B2 , ISMCTS-PUCT, ISMCTS-Heuristic, ISMCTS-Heuristic
    734, A1_B2 , ISMCTS-PUCT, ISMCTS-Heuristic, ISMCTS-Heuristic
    732, A1_B2 , ISMCTS-PUCT, ISMCTS-Heuristic, ISMCTS-Heuristic
    738, A1_B2 , ISMCTS-PUCT, ISMCTS-Heuristic, ISMCTS-Heuristic
    739, A1_B2 , ISMCTS-PUCT, ISMCTS-Heuristic, ISMCTS-Heuristic
    741, A1_B2 , ISMCTS-PUCT, ISMCTS-Heuristic, ISMCTS-Heuristic
    743, A1_B2 , ISMCTS-PUCT, ISMCTS-Heuristic, ISMCTS-Heuristic
    740, A1_B2 , ISMCTS-PUCT, ISMCTS-Heuristic, ISMCTS-Heuristic
    745, A1_B2 , ISMCTS-PUCT, ISMCTS-Heuristic, ISMCTS-Heuristic
    742, A1_B2 , ISMCTS-PUCT, ISMCTS-Heuristic, ISMCTS-Heuristic
    744, A1_B2 , ISMCTS-PUCT, ISMCTS-Heuristic, ISMCTS-Heuristic
    747, A1_B2 , ISMCTS-PUCT, ISMCTS-Heuristic, ISMCTS-Heuristic
    748, A1_B2 , ISMCTS-PUCT, ISMCTS-Heuristic, ISMCTS-Heuristic
    746, A1_B2 , ISMCTS-PUCT, ISMCTS-Heuristic, ISMCTS-Heuristic
    749, A1_B2 , ISMCTS-PUCT, ISMCTS-Heuristic, ISMCTS-Heuristic
    750, A1_B2 , ISMCTS-PUCT, ISMCTS-Heuristic, ISMCTS-Heuristic
    752, A1_B2 , ISMCTS-PUCT, ISMCTS-Heuristic, ISMCTS-Heuristic
    753, A1_B2 , ISMCTS-PUCT, ISMCTS-Heuristic, ISMCTS-Heuristic
    751, A1_B2 , ISMCTS-PUCT, ISMCTS-Heuristic, ISMCTS-Heuristic
    755, A1_B2 , ISMCTS-PUCT, ISMCTS-Heuristic, ISMCTS-Heuristic
    756, A1_B2 , ISMCTS-PUCT, ISMCTS-Heuristic, ISMCTS-Heuristic
    754, A1_B2 , ISMCTS-PUCT, ISMCTS-Heuristic, ISMCTS-Heuristic
    757, A1_B2 , ISMCTS-PUCT, ISMCTS-Heuristic, ISMCTS-Heuristic
    758, A1_B2 , ISMCTS-PUCT, ISMCTS-Heuristic, ISMCTS-Heuristic
    759, A1_B2 , ISMCTS-PUCT, ISMCTS-Heuristic, ISMCTS-Heuristic
    761, A1_B2 , ISMCTS-PUCT, ISMCTS-Heuristic, ISMCTS-Heuristic
    760, A1_B2 , ISMCTS-PUCT, ISMCTS-Heuristic, ISMCTS-Heuristic
    762, A1_B2 , ISMCTS-PUCT, ISMCTS-Heuristic, ISMCTS-Heuristic
    764, A1_B2 , ISMCTS-PUCT, ISMCTS-Heuristic, ISMCTS-Heuristic
    763, A1_B2 , ISMCTS-PUCT, ISMCTS-Heuristic, ISMCTS-Heuristic
    765, A1_B2 , ISMCTS-PUCT, ISMCTS-Heuristic, ISMCTS-Heuristic
    766, A1_B2 , ISMCTS-PUCT, ISMCTS-Heuristic, ISMCTS-Heuristic
    767, A1_B2 , ISMCTS-PUCT, ISMCTS-Heuristic, ISMCTS-Heuristic
    770, A1_B2 , ISMCTS-PUCT, ISMCTS-Heuristic, ISMCTS-Heuristic
    768, A1_B2 , ISMCTS-PUCT, ISMCTS-Heuristic, ISMCTS-Heuristic
    769, A1_B2 , ISMCTS-PUCT, ISMCTS-Heuristic, ISMCTS-Heuristic
    771, A1_B2 , ISMCTS-PUCT, ISMCTS-Heuristic, ISMCTS-Heuristic
    772, A1_B2 , ISMCTS-PUCT, ISMCTS-Heuristic, ISMCTS-Heuristic
    773, A1_B2 , ISMCTS-PUCT, ISMCTS-Heuristic, ISMCTS-Heuristic
    775, A1_B2 , ISMCTS-PUCT, ISMCTS-Heuristic, ISMCTS-Heuristic
    778, A1_B2 , ISMCTS-PUCT, ISMCTS-Heuristic, ISMCTS-Heuristic
    774, A1_B2 , ISMCTS-PUCT, ISMCTS-Heuristic, ISMCTS-Heuristic
    777, A1_B2 , ISMCTS-PUCT, ISMCTS-Heuristic, ISMCTS-Heuristic
    779, A1_B2 , ISMCTS-PUCT, ISMCTS-Heuristic, ISMCTS-Heuristic
    776, A1_B2 , ISMCTS-PUCT, ISMCTS-Heuristic, ISMCTS-Heuristic
    782, A1_B2 , ISMCTS-PUCT, ISMCTS-Heuristic, ISMCTS-Heuristic
    780, A1_B2 , ISMCTS-PUCT, ISMCTS-Heuristic, ISMCTS-Heuristic
    781, A1_B2 , ISMCTS-PUCT, ISMCTS-Heuristic, ISMCTS-Heuristic
    786, A1_B2 , ISMCTS-PUCT, ISMCTS-Heuristic, ISMCTS-Heuristic
    783, A1_B2 , ISMCTS-PUCT, ISMCTS-Heuristic, ISMCTS-Heuristic
    784, A1_B2 , ISMCTS-PUCT, ISMCTS-Heuristic, ISMCTS-Heuristic
    787, A1_B2 , ISMCTS-PUCT, ISMCTS-Heuristic, ISMCTS-Heuristic
    785, A1_B2 , ISMCTS-PUCT, ISMCTS-Heuristic, ISMCTS-Heuristic
    790, A1_B2 , ISMCTS-PUCT, ISMCTS-Heuristic, ISMCTS-Heuristic
    793, A1_B2 , ISMCTS-PUCT, ISMCTS-Heuristic, ISMCTS-Heuristic
    789, A1_B2 , ISMCTS-PUCT, ISMCTS-Heuristic, ISMCTS-Heuristic
    788, A1_B2 , ISMCTS-PUCT, ISMCTS-Heuristic, ISMCTS-Heuristic
    794, A1_B2 , ISMCTS-PUCT, ISMCTS-Heuristic, ISMCTS-Heuristic
    792, A1_B2 , ISMCTS-PUCT, ISMCTS-Heuristic, ISMCTS-Heuristic
    791, A1_B2 , ISMCTS-PUCT, ISMCTS-Heuristic, ISMCTS-Heuristic
    795, A1_B2 , ISMCTS-PUCT, ISMCTS-Heuristic, ISMCTS-Heuristic
    796, A1_B2 , ISMCTS-PUCT, ISMCTS-Heuristic, ISMCTS-Heuristic
    797, A1_B2 , ISMCTS-PUCT, ISMCTS-Heuristic, ISMCTS-Heuristic
    800, A1_B2 , ISMCTS-PUCT, ISMCTS-Heuristic, ISMCTS-Heuristic
    799, A1_B2 , ISMCTS-PUCT, ISMCTS-Heuristic, ISMCTS-Heuristic
    798, A1_B2 , ISMCTS-PUCT, ISMCTS-Heuristic, ISMCTS-Heuristic
    801, A1_B2 , ISMCTS-PUCT, ISMCTS-Heuristic, ISMCTS-Heuristic
    802, A1_B2 , ISMCTS-PUCT, ISMCTS-Heuristic, ISMCTS-Heuristic
    803, A1_B2 , ISMCTS-PUCT, ISMCTS-Heuristic, ISMCTS-Heuristic
    804, A1_B2 , ISMCTS-PUCT, ISMCTS-Heuristic, ISMCTS-Heuristic
    806, A1_B2 , ISMCTS-PUCT, ISMCTS-Heuristic, ISMCTS-Heuristic
    807, A1_B2 , ISMCTS-PUCT, ISMCTS-Heuristic, ISMCTS-Heuristic
    805, A1_B2 , ISMCTS-PUCT, ISMCTS-Heuristic, ISMCTS-Heuristic
    808, A1_B2 , ISMCTS-PUCT, ISMCTS-Heuristic, ISMCTS-Heuristic
    811, A1_B2 , ISMCTS-PUCT, ISMCTS-Heuristic, ISMCTS-Heuristic
    809, A1_B2 , ISMCTS-PUCT, ISMCTS-Heuristic, ISMCTS-Heuristic
    810, A1_B2 , ISMCTS-PUCT, ISMCTS-Heuristic, ISMCTS-Heuristic
    812, A1_B2 , ISMCTS-PUCT, ISMCTS-Heuristic, ISMCTS-Heuristic
    815, A1_B2 , ISMCTS-PUCT, ISMCTS-Heuristic, ISMCTS-Heuristic
    814, A1_B2 , ISMCTS-PUCT, ISMCTS-Heuristic, ISMCTS-Heuristic
    813, A1_B2 , ISMCTS-PUCT, ISMCTS-Heuristic, ISMCTS-Heuristic
    816, A1_B2 , ISMCTS-PUCT, ISMCTS-Heuristic, ISMCTS-Heuristic
    817, A1_B2 , ISMCTS-PUCT, ISMCTS-Heuristic, ISMCTS-Heuristic
    818, A1_B2 , ISMCTS-PUCT, ISMCTS-Heuristic, ISMCTS-Heuristic
    819, A1_B2 , ISMCTS-PUCT, ISMCTS-Heuristic, ISMCTS-Heuristic
    823, A1_B2 , ISMCTS-PUCT, ISMCTS-Heuristic, ISMCTS-Heuristic
    820, A1_B2 , ISMCTS-PUCT, ISMCTS-Heuristic, ISMCTS-Heuristic
    824, A1_B2 , ISMCTS-PUCT, ISMCTS-Heuristic, ISMCTS-Heuristic
    821, A1_B2 , ISMCTS-PUCT, ISMCTS-Heuristic, ISMCTS-Heuristic
    822, A1_B2 , ISMCTS-PUCT, ISMCTS-Heuristic, ISMCTS-Heuristic
    825, A1_B2 , ISMCTS-PUCT, ISMCTS-Heuristic, ISMCTS-Heuristic
    826, A1_B2 , ISMCTS-PUCT, ISMCTS-Heuristic, ISMCTS-Heuristic
    831, A1_B2 , ISMCTS-PUCT, ISMCTS-Heuristic, ISMCTS-Heuristic
    829, A1_B2 , ISMCTS-PUCT, ISMCTS-Heuristic, ISMCTS-Heuristic
    830, A1_B2 , ISMCTS-PUCT, ISMCTS-Heuristic, ISMCTS-Heuristic
    828, A1_B2 , ISMCTS-PUCT, ISMCTS-Heuristic, ISMCTS-Heuristic
    827, A1_B2 , ISMCTS-PUCT, ISMCTS-Heuristic, ISMCTS-Heuristic
    832, A1_B2 , ISMCTS-PUCT, ISMCTS-Heuristic, ISMCTS-Heuristic
    833, A1_B2 , ISMCTS-PUCT, ISMCTS-Heuristic, ISMCTS-Heuristic
    835, A1_B2 , ISMCTS-PUCT, ISMCTS-Heuristic, ISMCTS-Heuristic
    834, A1_B2 , ISMCTS-PUCT, ISMCTS-Heuristic, ISMCTS-Heuristic
    836, A1_B2 , ISMCTS-PUCT, ISMCTS-Heuristic, ISMCTS-Heuristic
    837, A1_B2 , ISMCTS-PUCT, ISMCTS-Heuristic, ISMCTS-Heuristic
    838, A1_B2 , ISMCTS-PUCT, ISMCTS-Heuristic, ISMCTS-Heuristic
    841, A1_B2 , ISMCTS-PUCT, ISMCTS-Heuristic, ISMCTS-Heuristic
    839, A1_B2 , ISMCTS-PUCT, ISMCTS-Heuristic, ISMCTS-Heuristic
    840, A1_B2 , ISMCTS-PUCT, ISMCTS-Heuristic, ISMCTS-Heuristic
    845, A1_B2 , ISMCTS-PUCT, ISMCTS-Heuristic, ISMCTS-Heuristic
    843, A1_B2 , ISMCTS-PUCT, ISMCTS-Heuristic, ISMCTS-Heuristic
    844, A1_B2 , ISMCTS-PUCT, ISMCTS-Heuristic, ISMCTS-Heuristic
    848, A1_B2 , ISMCTS-PUCT, ISMCTS-Heuristic, ISMCTS-Heuristic
    842, A1_B2 , ISMCTS-PUCT, ISMCTS-Heuristic, ISMCTS-Heuristic
    846, A1_B2 , ISMCTS-PUCT, ISMCTS-Heuristic, ISMCTS-Heuristic
    847, A1_B2 , ISMCTS-PUCT, ISMCTS-Heuristic, ISMCTS-Heuristic
    849, A1_B2 , ISMCTS-PUCT, ISMCTS-Heuristic, ISMCTS-Heuristic
    851, A1_B2 , ISMCTS-PUCT, ISMCTS-Heuristic, ISMCTS-Heuristic
    855, A1_B2 , ISMCTS-PUCT, ISMCTS-Heuristic, ISMCTS-Heuristic
    853, A1_B2 , ISMCTS-PUCT, ISMCTS-Heuristic, ISMCTS-Heuristic
    850, A1_B2 , ISMCTS-PUCT, ISMCTS-Heuristic, ISMCTS-Heuristic
    852, A1_B2 , ISMCTS-PUCT, ISMCTS-Heuristic, ISMCTS-Heuristic
    856, A1_B2 , ISMCTS-PUCT, ISMCTS-Heuristic, ISMCTS-Heuristic
    854, A1_B2 , ISMCTS-PUCT, ISMCTS-Heuristic, ISMCTS-Heuristic
    857, A1_B2 , ISMCTS-PUCT, ISMCTS-Heuristic, ISMCTS-Heuristic
    858, A1_B2 , ISMCTS-PUCT, ISMCTS-Heuristic, ISMCTS-Heuristic
    861, A1_B2 , ISMCTS-PUCT, ISMCTS-Heuristic, ISMCTS-Heuristic
    859, A1_B2 , ISMCTS-PUCT, ISMCTS-Heuristic, ISMCTS-Heuristic
    862, A1_B2 , ISMCTS-PUCT, ISMCTS-Heuristic, ISMCTS-Heuristic
    863, A1_B2 , ISMCTS-PUCT, ISMCTS-Heuristic, ISMCTS-Heuristic
    860, A1_B2 , ISMCTS-PUCT, ISMCTS-Heuristic, ISMCTS-Heuristic
    864, A1_B2 , ISMCTS-PUCT, ISMCTS-Heuristic, ISMCTS-Heuristic
    868, A1_B2 , ISMCTS-PUCT, ISMCTS-Heuristic, ISMCTS-Heuristic
    867, A1_B2 , ISMCTS-PUCT, ISMCTS-Heuristic, ISMCTS-Heuristic
    865, A1_B2 , ISMCTS-PUCT, ISMCTS-Heuristic, ISMCTS-Heuristic
    866, A1_B2 , ISMCTS-PUCT, ISMCTS-Heuristic, ISMCTS-Heuristic
    869, A1_B2 , ISMCTS-PUCT, ISMCTS-Heuristic, ISMCTS-Heuristic
    872, A1_B2 , ISMCTS-PUCT, ISMCTS-Heuristic, ISMCTS-Heuristic
    871, A1_B2 , ISMCTS-PUCT, ISMCTS-Heuristic, ISMCTS-Heuristic
    870, A1_B2 , ISMCTS-PUCT, ISMCTS-Heuristic, ISMCTS-Heuristic
    878, A1_B2 , ISMCTS-PUCT, ISMCTS-Heuristic, ISMCTS-Heuristic
    873, A1_B2 , ISMCTS-PUCT, ISMCTS-Heuristic, ISMCTS-Heuristic
    875, A1_B2 , ISMCTS-PUCT, ISMCTS-Heuristic, ISMCTS-Heuristic
    876, A1_B2 , ISMCTS-PUCT, ISMCTS-Heuristic, ISMCTS-Heuristic
    877, A1_B2 , ISMCTS-PUCT, ISMCTS-Heuristic, ISMCTS-Heuristic
    880, A1_B2 , ISMCTS-PUCT, ISMCTS-Heuristic, ISMCTS-Heuristic
    874, A1_B2 , ISMCTS-PUCT, ISMCTS-Heuristic, ISMCTS-Heuristic
    879, A1_B2 , ISMCTS-PUCT, ISMCTS-Heuristic, ISMCTS-Heuristic
    882, A1_B2 , ISMCTS-PUCT, ISMCTS-Heuristic, ISMCTS-Heuristic
    881, A1_B2 , ISMCTS-PUCT, ISMCTS-Heuristic, ISMCTS-Heuristic
    883, A1_B2 , ISMCTS-PUCT, ISMCTS-Heuristic, ISMCTS-Heuristic
    885, A1_B2 , ISMCTS-PUCT, ISMCTS-Heuristic, ISMCTS-Heuristic
    887, A1_B2 , ISMCTS-PUCT, ISMCTS-Heuristic, ISMCTS-Heuristic
    884, A1_B2 , ISMCTS-PUCT, ISMCTS-Heuristic, ISMCTS-Heuristic
    886, A1_B2 , ISMCTS-PUCT, ISMCTS-Heuristic, ISMCTS-Heuristic
    889, A1_B2 , ISMCTS-PUCT, ISMCTS-Heuristic, ISMCTS-Heuristic
    888, A1_B2 , ISMCTS-PUCT, ISMCTS-Heuristic, ISMCTS-Heuristic
    891, A1_B2 , ISMCTS-PUCT, ISMCTS-Heuristic, ISMCTS-Heuristic
    890, A1_B2 , ISMCTS-PUCT, ISMCTS-Heuristic, ISMCTS-Heuristic
    892, A1_B2 , ISMCTS-PUCT, ISMCTS-Heuristic, ISMCTS-Heuristic
    894, A1_B2 , ISMCTS-PUCT, ISMCTS-Heuristic, ISMCTS-Heuristic
    893, A1_B2 , ISMCTS-PUCT, ISMCTS-Heuristic, ISMCTS-Heuristic
    896, A1_B2 , ISMCTS-PUCT, ISMCTS-Heuristic, ISMCTS-Heuristic
    895, A1_B2 , ISMCTS-PUCT, ISMCTS-Heuristic, ISMCTS-Heuristic
    897, A1_B2 , ISMCTS-PUCT, ISMCTS-Heuristic, ISMCTS-Heuristic
    900, A1_B2 , ISMCTS-PUCT, ISMCTS-Heuristic, ISMCTS-Heuristic
    899, A1_B2 , ISMCTS-PUCT, ISMCTS-Heuristic, ISMCTS-Heuristic
    904, A1_B2 , ISMCTS-PUCT, ISMCTS-Heuristic, ISMCTS-Heuristic
    902, A1_B2 , ISMCTS-PUCT, ISMCTS-Heuristic, ISMCTS-Heuristic
    901, A1_B2 , ISMCTS-PUCT, ISMCTS-Heuristic, ISMCTS-Heuristic
    898, A1_B2 , ISMCTS-PUCT, ISMCTS-Heuristic, ISMCTS-Heuristic
    903, A1_B2 , ISMCTS-PUCT, ISMCTS-Heuristic, ISMCTS-Heuristic
    910, A1_B2 , ISMCTS-PUCT, ISMCTS-Heuristic, ISMCTS-Heuristic
    905, A1_B2 , ISMCTS-PUCT, ISMCTS-Heuristic, ISMCTS-Heuristic
    909, A1_B2 , ISMCTS-PUCT, ISMCTS-Heuristic, ISMCTS-Heuristic
    907, A1_B2 , ISMCTS-PUCT, ISMCTS-Heuristic, ISMCTS-Heuristic
    906, A1_B2 , ISMCTS-PUCT, ISMCTS-Heuristic, ISMCTS-Heuristic
    908, A1_B2 , ISMCTS-PUCT, ISMCTS-Heuristic, ISMCTS-Heuristic
    912, A1_B2 , ISMCTS-PUCT, ISMCTS-Heuristic, ISMCTS-Heuristic
    911, A1_B2 , ISMCTS-PUCT, ISMCTS-Heuristic, ISMCTS-Heuristic
    914, A1_B2 , ISMCTS-PUCT, ISMCTS-Heuristic, ISMCTS-Heuristic
    917, A1_B2 , ISMCTS-PUCT, ISMCTS-Heuristic, ISMCTS-Heuristic
    913, A1_B2 , ISMCTS-PUCT, ISMCTS-Heuristic, ISMCTS-Heuristic
    918, A1_B2 , ISMCTS-PUCT, ISMCTS-Heuristic, ISMCTS-Heuristic
    916, A1_B2 , ISMCTS-PUCT, ISMCTS-Heuristic, ISMCTS-Heuristic
    920, A1_B2 , ISMCTS-PUCT, ISMCTS-Heuristic, ISMCTS-Heuristic
    915, A1_B2 , ISMCTS-PUCT, ISMCTS-Heuristic, ISMCTS-Heuristic
    919, A1_B2 , ISMCTS-PUCT, ISMCTS-Heuristic, ISMCTS-Heuristic
    921, A1_B2 , ISMCTS-PUCT, ISMCTS-Heuristic, ISMCTS-Heuristic
    923, A1_B2 , ISMCTS-PUCT, ISMCTS-Heuristic, ISMCTS-Heuristic
    922, A1_B2 , ISMCTS-PUCT, ISMCTS-Heuristic, ISMCTS-Heuristic
    927, A1_B2 , ISMCTS-PUCT, ISMCTS-Heuristic, ISMCTS-Heuristic
    924, A1_B2 , ISMCTS-PUCT, ISMCTS-Heuristic, ISMCTS-Heuristic
    926, A1_B2 , ISMCTS-PUCT, ISMCTS-Heuristic, ISMCTS-Heuristic
    925, A1_B2 , ISMCTS-PUCT, ISMCTS-Heuristic, ISMCTS-Heuristic
    928, A1_B2 , ISMCTS-PUCT, ISMCTS-Heuristic, ISMCTS-Heuristic
    930, A1_B2 , ISMCTS-PUCT, ISMCTS-Heuristic, ISMCTS-Heuristic
    929, A1_B2 , ISMCTS-PUCT, ISMCTS-Heuristic, ISMCTS-Heuristic
    933, A1_B2 , ISMCTS-PUCT, ISMCTS-Heuristic, ISMCTS-Heuristic
    934, A1_B2 , ISMCTS-PUCT, ISMCTS-Heuristic, ISMCTS-Heuristic
    932, A1_B2 , ISMCTS-PUCT, ISMCTS-Heuristic, ISMCTS-Heuristic
    931, A1_B2 , ISMCTS-PUCT, ISMCTS-Heuristic, ISMCTS-Heuristic
    935, A1_B2 , ISMCTS-PUCT, ISMCTS-Heuristic, ISMCTS-Heuristic
    937, A1_B2 , ISMCTS-PUCT, ISMCTS-Heuristic, ISMCTS-Heuristic
    936, A1_B2 , ISMCTS-PUCT, ISMCTS-Heuristic, ISMCTS-Heuristic
    939, A1_B2 , ISMCTS-PUCT, ISMCTS-Heuristic, ISMCTS-Heuristic
    940, A1_B2 , ISMCTS-PUCT, ISMCTS-Heuristic, ISMCTS-Heuristic
    938, A1_B2 , ISMCTS-PUCT, ISMCTS-Heuristic, ISMCTS-Heuristic
    941, A1_B2 , ISMCTS-PUCT, ISMCTS-Heuristic, ISMCTS-Heuristic
    944, A1_B2 , ISMCTS-PUCT, ISMCTS-Heuristic, ISMCTS-Heuristic
    942, A1_B2 , ISMCTS-PUCT, ISMCTS-Heuristic, ISMCTS-Heuristic
    943, A1_B2 , ISMCTS-PUCT, ISMCTS-Heuristic, ISMCTS-Heuristic
    945, A1_B2 , ISMCTS-PUCT, ISMCTS-Heuristic, ISMCTS-Heuristic
    947, A1_B2 , ISMCTS-PUCT, ISMCTS-Heuristic, ISMCTS-Heuristic
    949, A1_B2 , ISMCTS-PUCT, ISMCTS-Heuristic, ISMCTS-Heuristic
    946, A1_B2 , ISMCTS-PUCT, ISMCTS-Heuristic, ISMCTS-Heuristic
    948, A1_B2 , ISMCTS-PUCT, ISMCTS-Heuristic, ISMCTS-Heuristic
    950, A1_B2 , ISMCTS-PUCT, ISMCTS-Heuristic, ISMCTS-Heuristic
    952, A1_B2 , ISMCTS-PUCT, ISMCTS-Heuristic, ISMCTS-Heuristic
    951, A1_B2 , ISMCTS-PUCT, ISMCTS-Heuristic, ISMCTS-Heuristic
    954, A1_B2 , ISMCTS-PUCT, ISMCTS-Heuristic, ISMCTS-Heuristic
    957, A1_B2 , ISMCTS-PUCT, ISMCTS-Heuristic, ISMCTS-Heuristic
    953, A1_B2 , ISMCTS-PUCT, ISMCTS-Heuristic, ISMCTS-Heuristic
    956, A1_B2 , ISMCTS-PUCT, ISMCTS-Heuristic, ISMCTS-Heuristic
    955, A1_B2 , ISMCTS-PUCT, ISMCTS-Heuristic, ISMCTS-Heuristic
    959, A1_B2 , ISMCTS-PUCT, ISMCTS-Heuristic, ISMCTS-Heuristic
    958, A1_B2 , ISMCTS-PUCT, ISMCTS-Heuristic, ISMCTS-Heuristic
    960, A1_B2 , ISMCTS-PUCT, ISMCTS-Heuristic, ISMCTS-Heuristic
    961, A1_B2 , ISMCTS-PUCT, ISMCTS-Heuristic, ISMCTS-Heuristic
    963, A1_B2 , ISMCTS-PUCT, ISMCTS-Heuristic, ISMCTS-Heuristic
    962, A1_B2 , ISMCTS-PUCT, ISMCTS-Heuristic, ISMCTS-Heuristic
    965, A1_B2 , ISMCTS-PUCT, ISMCTS-Heuristic, ISMCTS-Heuristic
    964, A1_B2 , ISMCTS-PUCT, ISMCTS-Heuristic, ISMCTS-Heuristic
    966, A1_B2 , ISMCTS-PUCT, ISMCTS-Heuristic, ISMCTS-Heuristic
    967, A1_B2 , ISMCTS-PUCT, ISMCTS-Heuristic, ISMCTS-Heuristic
    968, A1_B2 , ISMCTS-PUCT, ISMCTS-Heuristic, ISMCTS-Heuristic
    969, A1_B2 , ISMCTS-PUCT, ISMCTS-Heuristic, ISMCTS-Heuristic
    970, A1_B2 , ISMCTS-PUCT, ISMCTS-Heuristic, ISMCTS-Heuristic
    972, A1_B2 , ISMCTS-PUCT, ISMCTS-Heuristic, ISMCTS-Heuristic
    971, A1_B2 , ISMCTS-PUCT, ISMCTS-Heuristic, ISMCTS-Heuristic
    973, A1_B2 , ISMCTS-PUCT, ISMCTS-Heuristic, ISMCTS-Heuristic
    974, A1_B2 , ISMCTS-PUCT, ISMCTS-Heuristic, ISMCTS-Heuristic
    975, A1_B2 , ISMCTS-PUCT, ISMCTS-Heuristic, ISMCTS-Heuristic
    976, A1_B2 , ISMCTS-PUCT, ISMCTS-Heuristic, ISMCTS-Heuristic
    977, A1_B2 , ISMCTS-PUCT, ISMCTS-Heuristic, ISMCTS-Heuristic
    979, A1_B2 , ISMCTS-PUCT, ISMCTS-Heuristic, ISMCTS-Heuristic
    978, A1_B2 , ISMCTS-PUCT, ISMCTS-Heuristic, ISMCTS-Heuristic
    980, A1_B2 , ISMCTS-PUCT, ISMCTS-Heuristic, ISMCTS-Heuristic
    982, A1_B2 , ISMCTS-PUCT, ISMCTS-Heuristic, ISMCTS-Heuristic
    981, A1_B2 , ISMCTS-PUCT, ISMCTS-Heuristic, ISMCTS-Heuristic
    984, A1_B2 , ISMCTS-PUCT, ISMCTS-Heuristic, ISMCTS-Heuristic
    983, A1_B2 , ISMCTS-PUCT, ISMCTS-Heuristic, ISMCTS-Heuristic
    985, A1_B2 , ISMCTS-PUCT, ISMCTS-Heuristic, ISMCTS-Heuristic
    987, A1_B2 , ISMCTS-PUCT, ISMCTS-Heuristic, ISMCTS-Heuristic
    986, A1_B2 , ISMCTS-PUCT, ISMCTS-Heuristic, ISMCTS-Heuristic
    988, A1_B2 , ISMCTS-PUCT, ISMCTS-Heuristic, ISMCTS-Heuristic
    989, A1_B2 , ISMCTS-PUCT, ISMCTS-Heuristic, ISMCTS-Heuristic
    990, A1_B2 , ISMCTS-PUCT, ISMCTS-Heuristic, ISMCTS-Heuristic
    993, A1_B2 , ISMCTS-PUCT, ISMCTS-Heuristic, ISMCTS-Heuristic
    991, A1_B2 , ISMCTS-PUCT, ISMCTS-Heuristic, ISMCTS-Heuristic
    992, A1_B2 , ISMCTS-PUCT, ISMCTS-Heuristic, ISMCTS-Heuristic
    996, A1_B2 , ISMCTS-PUCT, ISMCTS-Heuristic, ISMCTS-Heuristic
    995, A1_B2 , ISMCTS-PUCT, ISMCTS-Heuristic, ISMCTS-Heuristic
    994, A1_B2 , ISMCTS-PUCT, ISMCTS-Heuristic, ISMCTS-Heuristic
    997, A1_B2 , ISMCTS-PUCT, ISMCTS-Heuristic, ISMCTS-Heuristic
    998, A1_B2 , ISMCTS-PUCT, ISMCTS-Heuristic, ISMCTS-Heuristic
    999, A1_B2 , ISMCTS-PUCT, ISMCTS-Heuristic, ISMCTS-Heuristic
